siteID,date,time,enc,spp,bandNumber,colorCombo,mass,wing,tl,age,sex
dc_61,2012-04-18,0930,B,NOCA,791-17230,"YY,X",39.6,95.5,97,AHY,F
dc_38,2012-05-04,0001,B,GRCA,791-17233,"WX,B",38.8,91,99999,AHY,M
dc_38,2012-05-04,0001,B,SOSP,2441-96447,"Y,XG",22.4,70,99999,AHY,M
dc_38,2012-05-04,0001,B,SOSP,2441-96448,"OB,X",20.6,64,99999,AHY,M
dc_69,2012-05-10,0001,B,GRCA,791-17238,"OB,X",37.7,91,99999,AHY,M
dc_69,2012-05-10,0001,B,GRCA,791-17239,"R,XR",43.3,89,99999,AHY,F
dc_69,2012-05-10,0001,B,SOSP,2441-96450,"YX,Y",19.4,67,99999,AHY,M
dc_69,2012-05-10,0001,B,SOSP,2441-96451,"WX,O",22,70,99999,AHY,M
dc_6,2012-05-12,0001,B,GRCA,791-17246,"WX,B",36.9,91,99999,AHY,M
dc_6,2012-05-12,0001,B,GRCA,791-17247,"O,MX",41.2,90,99999,AHY,M
dc_6,2012-05-12,0001,B,GRCA,791-17248,"X,OR",37.5,88,99999,AHY,M
dc_1,2012-05-17,0001,B,NOCA,2421-11487,"GB,X",46.4,93,99999,AHY,M
dc_1,2012-05-17,0001,B,GRCA,2421-11488,"B,MX",33.6,93,99999,AHY,M
dc_1,2012-05-17,0001,B,NOCA,2421-11486,"XB,R",43.4,91,99999,AHY,F
dc_12,2012-05-18,0001,B,GRCA,2421-11489,"XO,Y",35.2,87,99999,AHY,M
dc_12,2012-05-18,0001,B,GRCA,2421-11491,"G,XM",43.7,86,99999,AHY,F
dc_12,2012-05-18,0001,B,NOCA,2421-11492,"X,YR",41.1,89,99999,AHY,F
dc_12,2012-05-18,0001,B,SOSP,2341-29390,"X,M",21.4,63,99999,AHY,F
dc_12,2012-05-18,0001,B,NOCA,2421-11490,"KX,G",42.1,93,99999,AHY,M
dc_11,2012-05-19,0001,B,NOCA,2421-11493,"XO,G",40.6,86,99999,AHY,F
dc_11,2012-05-19,0001,B,GRCA,2421-11494,"B,RX",36.1,89,99999,AHY,M
dc_11,2012-05-19,0001,B,NOCA,2421-11495,"X,WR",42.1,86,99999,AHY,M
dc_77,2012-05-22,0001,B,GRCA,791-17256,"X,RB",33.2,83,99999,AHY,M
dc_77,2012-05-22,0001,B,NOCA,791-17257,"MX,M",44.6,86,99999,AHY,F
dc_77,2012-05-22,0001,B,GRCA,791-17258,"XY,W",35,89,99999,AHY,M
dc_4,2012-05-23,0001,B,NOCA,2421-34601,"R,XM",40.8,92,99999,AHY,F
dc_68,2012-05-23,0001,B,GRCA,791-17796,"B,XR",34.1,90,99999,AHY,M
dc_68,2012-05-23,0001,B,GRCA,791-17797,"X,MO",39.1,89,99999,AHY,F
dc_68,2012-05-23,0001,B,GRCA,791-17798,"KB,X",37,87,99999,AHY,M
dc_68,2012-05-23,0001,B,NOCA,791-17799,"O,XM",47.2,89,99999,AHY,F
dc_80,2012-05-23,0001,B,NOCA,791-17259,"XO,Y",38.4,90,99999,AHY,F
dc_80,2012-05-23,0001,B,SOSP,2441-96455,"X,RB",19.7,66,99999,AHY,M
dc_80,2012-05-23,0001,B,GRCA,791-17260,"BB,X",36,91,99999,AHY,F
dc_76,2012-05-24,0001,B,NOCA,2421-34605,"GK,X",48.3,93,99999,AHY,M
springfield_25,2012-05-24,0001,B,SOSP,2571-83004,"XW,W",18.25,65,63,AHY,M
dc_5,2012-05-25,0001,B,NOCA,2421-34606,"W,RX",45.1,95,99999,AHY,M
dc_5,2012-05-25,0001,B,GRCA,2421-34607,"WW,X",38.1,90,99999,AHY,M
dc_5,2012-05-25,0001,B,NOCA,2421-34608,"XG,G",41.9,92,99999,AHY,F
dc_20,2012-05-26,0001,B,GRCA,2441-96457,"B,OX",33.4,84,99999,AHY,M
dc_20,2012-05-26,0001,B,GRCA,791-17264,"G,XO",41.1,86,99999,AHY,F
dc_71,2012-05-26,0001,B,GRCA,2421-34611,"GX,G",35.2,92,99999,AHY,M
dc_71,2012-05-26,0001,B,GRCA,2421-34609,"BR,X",36.3,94,99999,AHY,M
dc_71,2012-05-26,0001,B,GRCA,2421-34610,"XM,B",38.9,90,99999,AHY,M
springfield_21,2012-05-28,0001,B,NOCA,2531-91109,"XW,W",46,107,102,AHY,M
dc_58,2012-05-29,0001,B,NOCA,2421-34612,"G,BX",38.6,90,99999,AHY,F
dc_8,2012-05-29,0001,B,GRCA,791-17265,"R,OX",36.2,88,99999,AHY,M
dc_39,2012-05-31,0001,B,GRCA,791-17266,"X,WB",34.5,84,99999,AHY,M
springfield_4,2012-05-31,0001,B,SOSP,2571-83006,"W,XY",20.5,63,65,AHY,M
dc_64,2012-06-01,0001,B,GRCA,2421-34614,"X,YB",35.4,90,99999,AHY,F
dc_64,2012-06-01,0001,B,GRCA,2421-34615,"MM,X",33.7,88,99999,AHY,M
dc_64,2012-06-01,0001,B,GRCA,2421-34616,"X,GK",34.7,88,99999,AHY,M
dc_53,2012-06-02,0001,B,GRCA,2421-34618,"G,YX",36,87,99999,AHY,F
dc_53,2012-06-02,0001,B,GRCA,2421-34617,"XR,R",36.7,86,99999,AHY,F
dc_3,2012-06-04,0001,B,NOCA,2421-34619,"XO,B",46,98,99999,AHY,M
dc_3,2012-06-04,0001,B,NOCA,2421-34622,"GY,X",43.1,97,99999,AHY,M
dc_3,2012-06-04,0001,B,NOCA,2421-34623,"XW,B",39.9,90,99999,AHY,F
dc_46,2012-06-04,0001,B,GRCA,2561-44905,"GX,B",31.3,87,99999,AHY,M
dc_37,2012-06-05,0001,B,GRCA,2421-11580,"RK,X",33.2,89.5,99999,AHY,F
dc_37,2012-06-05,0001,B,GRCA,2421-11577,"OW,X",34.7,91,99999,AHY,M
dc_37,2012-06-05,0001,B,NOCA,2421-11578,"GM,X",99999,92,99999,AHY,M
dc_37,2012-06-05,0001,B,NOCA,2421-11579,"OX,Y",99999,96,99999,AHY,F
dc_37,2012-06-05,0001,B,GRCA,2421-11581,"M,WX",34.2,95,99999,AHY,M
dc_37,2012-06-05,0001,B,GRCA,2421-11582,"OX,B",36.6,88,99999,AHY,M
dc_41,2012-06-05,0001,B,SOSP,2441-96463,"GB,X",21,60,99999,AHY,M
dc_41,2012-06-05,0001,B,SOSP,2441-96464,"B,XW",21.5,66,99999,AHY,M
dc_79,2012-06-05,0001,B,SOSP,2341-30364,"XO,R",21.8,69,99999,AHY,M
dc_10,2012-06-06,0001,B,NOCA,2421-34628,"XR,B",42.3,93,99999,AHY,M
dc_10,2012-06-06,0001,B,NOCA,2421-34629,"GB,X",43.1,93,99999,AHY,F
dc_37,2012-06-06,0001,B,GRCA,2421-11584,"X,YR",39.9,90,99999,AHY,M
dc_37,2012-06-06,0001,B,GRCA,2421-11585,"GX,R",39.2,90,99999,AHY,F
dc_37,2012-06-06,0001,B,GRCA,2421-11587,"G,XW",33.6,86,99999,AHY,M
dc_37,2012-06-06,0001,B,GRCA,791-17273,"OX,B",36,91,99999,AHY,M
dc_37,2012-06-06,0001,B,NOCA,2421-11586,"YR,X",45.9,98,99999,AHY,M
gainesville_17,2012-06-06,0001,B,NOCA,1991-18001,"GY,X",34,85,92,AHY,F
gainesville_17,2012-06-06,0001,B,NOCA,1991-18002,"WX,-",42.3,99999,99999,AHY,F
gainesville_17,2012-06-06,0001,B,NOCA,1991-18003,"GG,X",30.8,86.5,93,AHY,M
gainesville_17,2012-06-06,0001,B,NOCA,1991-18004,"B,WX",39.5,92,102,AHY,M
dc_17,2012-06-07,0001,B,NOCA,791-17274,"X,MO",40,90,99999,AHY,M
dc_17,2012-06-07,0001,B,GRCA,791-17276,"WG,X",39.3,83,99999,U,F
dc_17,2012-06-07,0001,B,GRCA,791-17277,"X,BG",38.3,92,99999,AHY,M
dc_17,2012-06-07,0001,B,GRCA,791-17275,"XK,R",34.8,90,99999,AHY,M
dc_74,2012-06-07,0001,B,NOCA,2561-44906,"X,OM",45.3,92,99999,AHY,M
dc_74,2012-06-07,0001,B,NOCA,2561-44907,"GX,R",47.5,93,99999,AHY,M
dc_75,2012-06-07,0001,B,NOCA,2421-34631,"R,XO",38.3,87,99999,AHY,F
dc_75,2012-06-07,0001,B,SOSP,2441-14168,"G,XR",20.1,61,99999,AHY,F
dc_75,2012-06-07,0001,B,GRCA,2421-34633,"MX,O",33.2,90,99999,AHY,M
dc_75,2012-06-07,0001,B,GRCA,2421-34634,"XW,Y",39.7,84,99999,AHY,F
dc_75,2012-06-07,0001,B,SOSP,2441-14167,"MX,Y",20,68,99999,AHY,M
dc_75,2012-06-07,0001,B,GRCA,2421-34632,"W,GX",35.1,92,99999,AHY,M
springfield_13,2012-06-07,0001,B,GRCA,2531-91116,"XO,Y",38.5,89,90,AHY,F
springfield_13,2012-06-07,0001,B,GRCA,2531-91115,"GX,W",34.1,98,99,AHY,M
springfield_13,2012-06-07,0001,B,NOCA,2531-91117,"X,OY",42.5,92,98,AHY,F
dc_19,2012-06-08,0001,B,SOSP,2441-96471,"XR,B",22.2,66,99999,AHY,M
dc_19,2012-06-08,0001,B,GRCA,791-17278,"XM,O",34.8,86,99999,AHY,M
dc_19,2012-06-08,0001,B,SOSP,2441-96469,"W,XY",21.7,66,99999,AHY,M
dc_19,2012-06-08,0001,B,GRCA,791-17279,"XG,W",36.6,85,99999,AHY,F
dc_19,2012-06-08,0001,B,SOSP,2441-96470,"WG,X",18.2,65,99999,AHY,M
dc_21,2012-06-08,0001,B,SOSP,2251-80396,"P,OX",17.4,68,99999,AHY,M
dc_21,2012-06-08,0001,B,GRCA,2421-11589,"G,XM",31.7,86,99999,AHY,M
dc_21,2012-06-08,0001,B,GRCA,2421-11590,"WX,B",34.6,90,99999,AHY,M
dc_21,2012-06-08,0001,B,GRCA,2421-11591,"RX,R",32.1,90,99999,AHY,M
dc_35,2012-06-08,0001,B,NOCA,2561-44908,"XM,O",48,91,99999,AHY,F
dc_59,2012-06-09,0001,B,NOCA,2421-34637,"OX,R",50.9,91,99999,AHY,F
gainesville_2,2012-06-10,0001,B,NOCA,1991-18021,"W,MX",37.5,85,91,AHY,F
dc_37,2012-06-12,0001,B,SOSP,2251-80399,"X,WW",17.2,59,99999,AHY,F
dc_37,2012-06-12,0001,B,NOCA,2421-11592,"XO,W",45.7,91,99999,AHY,F
dc_37,2012-06-12,0001,B,SOSP,2571-70301,"Y,XK",29,63,99999,AHY,M
springfield_12,2012-06-12,0001,B,GRCA,2531-91120,"XB,G",36,97,100,AHY,M
springfield_12,2012-06-12,0001,B,GRCA,2531-91118,"XO,O",36,91,94,AHY,M
springfield_12,2012-06-12,0001,B,GRCA,2531-91119,"GM,X",33.9,85,89,AHY,F
springfield_12,2012-06-12,0001,B,GRCA,2531-91122,"MX,M",38.7,92,94,AHY,M
springfield_12,2012-06-12,0001,B,NOCA,2531-91121,"MX,M",44.8,95,95,AHY,F
springfield_12,2012-06-12,0001,B,SOSP,2571-83007,"RW,X",20.5,66,68,AHY,M
springfield_5,2012-06-12,0001,B,GRCA,1891-11010,"X,KY",37,86,92,SY,F
springfield_5,2012-06-12,0001,B,NOCA,1891-11011,"X,RR",43.3,94,95,AHY,M
dc_48,2012-06-13,0001,B,GRCA,2421-34648,"XG,B",35.3,91,99999,AHY,M
dc_48,2012-06-13,0001,B,GRCA,2421-34649,"R,WX",41.1,86,99999,AHY,F
dc_57,2012-06-13,0001,B,NOCA,2561-44915,"G,XW",46,99,99999,AHY,M
dc_57,2012-06-13,0001,B,NOCA,2561-44916,"Y,XB",46.5,92,99999,AHY,F
dc_47,2012-06-14,0001,B,GRCA,2421-34651,"O,BX",39.2,85,99999,AHY,F
dc_47,2012-06-14,0001,B,GRCA,2421-34652,"KX,R",40,90,99999,AHY,M
dc_49,2012-06-14,0001,B,GRCA,2561-44917,"YX,M",31.7,86,99999,AHY,M
dc_49,2012-06-14,0001,B,GRCA,2561-44918,"XO,W",35.3,88,99999,AHY,F
dc_18,2012-06-15,0001,B,NOCA,2421-34653,"M,XO",50,90,99999,AHY,F
gainesville_1,2012-06-15,0001,B,NOCA,1991-18007,"G,YX",38.7,94,101,AHY,M
gainesville_1,2012-06-15,0830,B,NOCA,noBand-00001,"BY,X",39.1,90,102,AHY,M
dc_33,2012-06-16,0001,B,GRCA,791-17288,"R,XG",36.7,88,99999,AHY,F
dc_33,2012-06-16,0001,B,SOSP,2441-96483,"X,BG",21.2,68,99999,AHY,M
dc_33,2012-06-16,0001,B,GRCA,791-17290,"XR,B",35.1,88,99999,AHY,M
dc_33,2012-06-16,0001,B,GRCA,791-17291,"W,XG",36.3,91,99999,AHY,F
dc_33,2012-06-16,0001,B,GRCA,791-17292,"XK,O",31.7,87,99999,AHY,M
dc_33,2012-06-16,0001,B,SOSP,2441-96484,"YR,X",20,62,99999,AHY,F
springfield_6,2012-06-19,0001,B,NOCA,2531-91126,"XO,Y",43.3,89,95,AHY,F
springfield_6,2012-06-19,0001,B,NOCA,2531-91125,"W,XY",50.9,90,95,AHY,F
springfield_11,2012-06-20,0001,B,GRCA,2531-91127,"XB,Y",39.8,92,97,AHY,M
springfield_11,2012-06-20,0001,B,GRCA,2531-91128,"XO,G",33.4,88,89,AHY,F
springfield_11,2012-06-20,0001,B,GRCA,2531-91129,"Y,GX",35,86,86,AHY,M
springfield_11,2012-06-20,0001,B,SOSP,2571-83008,"XW,G",21.4,62,65,AHY,M
gainesville_18,2012-06-21,0001,B,NOCA,1991-18070,"GX,B",41.9,91.5,101,AHY,M
gainesville_18,2012-06-21,0001,B,NOCA,1991-18071,"X,YY",44.6,95,95,AHY,F
gainesville_18,2012-06-21,0001,B,NOCA,1991-18072,"M,WX",39.3,86,90,AHY,F
gainesville_18,2012-06-21,0001,B,NOCA,1991-18068,"KX,Y",39.5,97,99.5,AHY,M
gainesville_18,2012-06-21,0001,B,NOCA,1991-18075,"R,WX",40.1,89,94,AHY,F
gainesville_18,2012-06-21,0001,B,NOCA,1991-18076,"X,BM",40.9,89,92.5,AHY,F
dc_44,2012-06-23,0001,B,GRCA,2421-34660,"GR,X",36.3,92,99999,AHY,M
dc_44,2012-06-23,0001,B,GRCA,2421-34661,"O,KX",34,90,99999,AHY,M
dc_44,2012-06-23,0001,B,NOCA,2421-34662,"KR,X",44.2,94,99999,AHY,M
dc_23,2012-06-25,0001,B,NOCA,2421-34663,"XY,B",49,97,99999,AHY,M
dc_23,2012-06-25,0001,B,GRCA,2421-34664,"R,XK",35.9,91,99999,AHY,M
dc_23,2012-06-25,0001,B,GRCA,2421-34665,"M,XO",36.9,87,99999,AHY,F
dc_23,2012-06-25,0001,B,NOCA,2421-34666,"O,WX",40.5,92,99999,AHY,F
dc_23,2012-06-25,0001,B,NOCA,2421-34667,"GX,R",39.7,91,99999,AHY,F
dc_23,2012-06-25,0001,B,NOCA,2421-34668,"KX,M",43.4,96,99999,AHY,M
dc_40,2012-06-25,0001,B,NOCA,791-17297,"X,BW",39.5,99,99999,AHY,M
springfield_14,2012-06-25,0001,B,NOCA,2531-91135,"GX,W",43.1,88,92,AHY,F
springfield_14,2012-06-25,0001,B,NOCA,2531-91136,"RW,X",39.5,90,90,AHY,F
dc_24,2012-06-26,0001,B,SOSP,2441-96488,"RK,X",19.2,65,99999,AHY,M
dc_45,2012-06-26,0001,B,GRCA,2421-34669,"XO,O",35.3,89,99999,AHY,M
dc_45,2012-06-26,0001,B,GRCA,2421-34670,"XY,K",43,84,99999,AHY,F
dc_45,2012-06-26,0001,B,GRCA,2421-34672,"G,WX",35.7,88,99999,AHY,M
dc_45,2012-06-26,0001,B,NOCA,2421-34673,"GK,X",43.3,93,99999,AHY,F
dc_45,2012-06-26,0001,B,NOCA,2421-34674,"MX,B",44.3,92.5,99999,AHY,M
dc_45,2012-06-26,0001,B,GRCA,2421-34675,"X,KB",34.8,88,99999,AHY,M
dc_45,2012-06-26,0001,B,GRCA,2421-34676,"X,YG",37.7,88,99999,AHY,M
dc_45,2012-06-26,0001,B,GRCA,2421-34671,"R,XM",34.1,89,99999,AHY,M
dc_14,2012-06-27,0001,B,NOCA,791-17298,"XG,M",39.4,85,99999,AHY,F
dc_14,2012-06-27,0001,B,GRCA,791-17299,"R,GX",36.5,87,99999,AHY,M
dc_14,2012-06-27,0001,B,GRCA,791-17300,"K,XG",34.1,89,99999,AHY,F
dc_14,2012-06-27,0001,B,GRCA,2561-56803,"R,KX",33.8,89,99999,AHY,F
dc_72,2012-06-28,0001,B,GRCA,2421-34680,"X,RW",36.6,90,99999,AHY,F
dc_72,2012-06-28,0001,B,GRCA,2421-34679,"OB,X",35.2,90,99999,AHY,M
gainesville_14,2012-06-28,0001,B,NOCA,1991-18077,"XK,Y",38.5,89,97,AHY,F
gainesville_14,2012-06-28,0001,B,NOCA,1991-18078,"B,XG",39.4,88,89,AHY,M
gainesville_14,2012-06-28,0001,B,NOCA,1991-18080,"O,MX",35.6,87,94,AHY,F
gainesville_14,2012-06-28,0001,B,NOCA,1991-18081,"GX,K",39.3,85,90,AHY,F
dc_30,2012-06-29,0001,B,SOSP,2441-96491,"YX,G",19,63,99999,AHY,F
dc_31,2012-06-29,0001,B,NOCA,2421-34683,"M,XG",44.4,90,99999,AHY,F
dc_31,2012-06-29,0001,B,NOCA,2421-34684,"OX,Y",41.9,92,99999,AHY,M
dc_56,2012-07-02,0001,B,NOCA,2561-44924,"X,BB",42.9,94,99999,AHY,M
dc_2,2012-07-03,0001,B,NOCA,2421-34687,"OO,X",43.4,94,99999,AHY,M
dc_2,2012-07-03,0001,B,GRCA,2421-34689,"XY,K",38.8,85,99999,AHY,F
dc_2,2012-07-03,0001,B,GRCA,2421-34688,"M,RX",32.8,90,99999,AHY,M
dc_29,2012-07-03,0001,B,GRCA,2561-56801,"K,XR",34.3,86,99999,AHY,F
dc_29,2012-07-03,0001,B,SOSP,2441-96494,"W,KX",22.9,65,99999,AHY,M
dc_29,2012-07-03,0001,B,GRCA,2561-56804,"KO,X",34.1,88,99999,AHY,M
dc_29,2012-07-03,0001,B,GRCA,2561-56805,"K,WX",33.7,86,99999,AHY,M
dc_29,2012-07-03,0001,B,NOCA,2561-56802,"O,KX",42.4,89,99999,AHY,F
gainesville_5,2012-07-03,0001,B,NOCA,1991-18018,"X,OM",37.7,88,91,AHY,F
springfield_10,2012-07-03,0001,B,GRCA,1891-11018,"GG,X",39,94,99,AHY,F
springfield_10,2012-07-03,0001,B,GRCA,1891-11017,"GY,X",37,87,89,AHY,M
springfield_10,2012-07-03,0001,B,NOCA,1891-11019,"W,YX",40,92,95,AHY,M
dc_54,2012-07-06,0001,B,GRCA,2561-56807,"GG,X",37.2,93,99999,AHY,M
dc_54,2012-07-06,0001,B,GRCA,2561-56808,"XO,O",31.6,86,99999,AHY,F
gainesville_13,2012-07-06,0001,B,NOCA,1991-18019,"XO,B",43.2,86,103,AHY,M
springfield_15,2012-07-06,0001,B,NOCA,2531-91140,"BY,X",49.68,90,95,AHY,F
springfield_1,2012-07-08,0001,B,GRCA,1891-11020,"RK,X",34,87,88,AHY,M
gainesville_4,2012-07-09,0001,B,NOCA,1991-18082,"BX,K",39.5,93,88,AHY,M
springfield_9,2012-07-09,0001,B,SOSP,2291-44299,"O,XG",21,64,66,AHY,M
dc_61,2012-07-10,0001,B,GRCA,2561-44926,"K,XW",37.4,88,99999,AHY,F
springfield_16,2012-07-10,0001,B,SOSP,2291-44298,"OK,X",20,64,62,AHY,F
dc_42,2012-07-11,0001,B,NOCA,2561-56810,"BK,X",41.4,94,99999,AHY,M
dc_42,2012-07-11,0001,B,NOCA,2561-56811,"KY,X",41.9,92,99999,AHY,M
dc_42,2012-07-11,0001,B,GRCA,2561-56813,"Y,MX",35.5,86,99999,AHY,M
dc_42,2012-07-11,0001,B,GRCA,2561-56814,"X,OG",32.5,83,99999,AHY,M
dc_42,2012-07-11,0001,B,SOSP,2571-90101,"X,WG",22.8,67,99999,AHY,M
dc_42,2012-07-11,0001,B,NOCA,2561-56815,"KM,X",39,85,99999,AHY,F
dc_42,2012-07-11,0001,B,NOCA,2561-56816,"X,MG",40.6,92,99999,AHY,M
dc_55,2012-07-11,0001,B,GRCA,2561-44928,"YX,M",32.6,90,99999,AHY,M
dc_55,2012-07-11,0001,B,NOCA,2561-56607,"YX,GY",41,92,99999,AHY,M
dc_55,2012-07-11,0001,B,SOSP,2341-30381,"B,BX",21.7,62,99999,AHY,F
dc_55,2012-07-11,0001,B,SOSP,2341-30382,"Y,XP",15.7,68,99999,AHY,M
dc_55,2012-07-11,0001,B,GRCA,2561-44929,"K,XK",34.3,94,99999,AHY,M
dc_60,2012-07-12,0001,B,NOCA,2421-34692,"RK,X",47.4,90,99999,AHY,F
dc_60,2012-07-12,0001,B,SOSP,2441-14193,"XO,O",20.7,61,99999,AHY,F
dc_60,2012-07-12,0001,B,SOSP,2441-14194,"X,GW",19.9,62,99999,AHY,F
gainesville_21,2012-07-12,0001,B,NOCA,1991-18022,"RX,B",38.9,91,89,AHY,F
springfield_2,2012-07-12,0001,B,NOCA,1891-11021,"K,XB",43,92,96,AHY,M
dc_27,2012-07-13,0001,B,SOSP,2441-14195,"X,RR",21.2,63,99999,AHY,M
dc_27,2012-07-13,0001,B,NOCA,2421-34693,"WX,M",41.4,92,99999,AHY,F
dc_32,2012-07-13,0001,B,NOCA,2561-56819,"BX,Y",37,91,99999,AHY,M
dc_32,2012-07-13,0001,B,NOCA,2561-56820,"WG,X",41.5,84,99999,AHY,F
gainesville_12,2012-07-14,0001,B,NOCA,1991-18025,"MX,Y",37.3,84,98,AHY,F
springfield_23,2012-07-15,0001,B,GRCA,1891-11023,"G,YX",41,97,101,AHY,M
dc_16,2012-07-16,0001,B,NOCA,2561-44933,"XY,M",36.6,87,99999,AHY,F
dc_16,2012-07-16,0001,B,SOSP,2341-30387,"XY,K",20.7,72,99999,AHY,M
dc_16,2012-07-16,0001,B,NOCA,2561-44934,"X,BG",42.5,90,99999,AHY,M
dc_9,2012-07-16,0001,B,NOCA,2421-34695,"G,RX",40.3,88,99999,AHY,F
dc_9,2012-07-16,0001,B,NOCA,2421-34696,"X,KY",40.4,90,99999,AHY,M
dc_28,2012-07-17,0001,B,NOCA,2421-34697,"G,WX",41,90,99999,AHY,F
gainesville_7,2012-07-17,0001,B,NOCA,1991-18097,"MW,X",38.2,86,95,AHY,F
gainesville_7,2012-07-17,0001,B,NOCA,1991-18098,"G,XO",37.9,84,86,AHY,F
gainesville_7,2012-07-17,0001,B,NOCA,1991-18096,"Y,BX",34,91,93,AHY,M
gainesville_7,2012-07-17,0001,B,NOCA,1292-71301,"XW,G",40.9,89,95,AHY,M
dc_25,2012-07-19,0001,B,SOSP,2441-14198,"X,OG",20.7,66.5,99999,AHY,M
dc_25,2012-07-19,0001,B,NOCA,2421-34698,"XG,B",38.6,90.5,99999,AHY,F
dc_43,2012-07-19,0001,B,GRCA,2561-56823,"G,BX",32.5,93,99999,AHY,F
dc_43,2012-07-19,0001,B,SOSP,2571-90109,"G,XG",22.6,68,99999,AHY,M
dc_43,2012-07-19,0001,B,GRCA,2561-56823,"G,BX",32.5,93,99999,AHY,F
dc_43,2012-07-19,0001,B,SOSP,2571-90109,"G,XG",22.6,68,99999,AHY,M
gainesville_15,2012-07-20,0001,B,NOCA,1991-18029,"XO,Y",37.9,89,92,AHY,F
gainesville_15,2012-07-20,0001,B,NOCA,1991-18030,"BY,X",38.4,91,95,AHY,M
gainesville_19,2012-07-20,0001,B,NOCA,1991-18047,"M,XO",43.8,92,89,AHY,F
springfield_22,2012-07-20,0001,B,GRCA,1891-11025,"B,XG",38,88,89,AHY,M
springfield_22,2012-07-20,0001,B,SOSP,2291-44297,"OB,X",22,70,70,AHY,M
dc_51,2012-07-21,0001,B,SOSP,2561-56826,"X,WG",20.1,66,99999,AHY,M
springfield_7,2012-07-22,0001,B,GRCA,1891-11031,"R,OX",39,90,95,AHY,F
springfield_7,2012-07-22,0001,B,SOSP,2291-44294,"B,WX",22.8,68,68,AHY,M
springfield_7,2012-07-22,0001,B,SOSP,2291-44292,"G,YX",22,66,54,AHY,M
springfield_7,2012-07-22,0001,B,SOSP,2291-44293,"Y,XY",20,63,60,AHY,F
dc_15,2012-07-23,0001,B,NOCA,2421-34700,"X,KR",38.2,91.5,99999,AHY,F
dc_15,2012-07-23,0001,B,NOCA,2531-74285,"XK,M",39,94,99999,AHY,M
dc_26,2012-07-23,0001,B,GRCA,2561-44935,"G,XK",33.2,89,99999,AHY,M
dc_66,2012-07-25,0001,B,SOSP,2571-90206,"BK,X",21.3,65.5,99999,SY,M
dc_66,2012-07-25,0001,B,SOSP,2571-90205,"Y,WX",21.4,62,99999,SY,F
gainesville_10,2012-07-25,0001,B,NOCA,1991-18033,"OW,X",35.7,87.5,96,AHY,F
gainesville_6,2012-07-26,0001,B,NOCA,1991-18048,"X,MG",41.3,92,91,AHY,F
dc_13,2012-07-27,0001,B,GRCA,2561-56829,"BK,X",33.2,92,99999,AHY,M
dc_13,2012-07-27,0001,B,GRCA,2561-56830,"GX,W",32.4,91,99999,AHY,M
dc_13,2012-07-27,0001,B,NOCA,2561-56828,"OR,X",47.3,97,99999,AHY,M
springfield_18,2012-07-27,0001,B,GRCA,2531-91151,"YX,G",35.18,86,91,AHY,F
springfield_18,2012-07-27,0001,B,SOSP,2571-83015,"MX,M",19.09,61,62,AHY,M
dc_36,2012-07-28,0001,B,NOCA,2561-56831,"XY,W",34.1,85,99999,AHY,F
dc_36,2012-07-28,0001,B,SOSP,2571-90115,"X,WG",18,63,99999,AHY,M
dc_36,2012-07-28,0001,B,NOCA,2561-56832,"G,XW",43.2,95,105,AHY,M
dc_36,2012-07-28,0001,B,NOCA,2561-56833,"X,GG",43.9,90,99999,AHY,F
dc_22,2012-07-29,0001,B,GRCA,2561-56834,"XW,Y",34.5,91,99999,AHY,M
dc_22,2012-07-29,0001,B,GRCA,2561-56835,"GB,X",39.7,92,99999,AHY,M
dc_22,2012-07-29,0001,B,GRCA,2561-56836,"WP,RX",34.3,92,99999,AHY,F
dc_22,2012-07-29,0001,B,NOCA,2561-56837,"OR,X",40.9,94,99999,AHY,M
springfield_3,2012-07-29,0001,B,NOCA,1891-11034,"GY,X",40,89,96,AHY,F
gainesville_3,2012-07-30,0001,B,NOCA,1991-18037,"GM,X",41.5,101,90.5,AHY,M
gainesville_3,2012-07-30,0001,B,NOCA,1991-18039,"X,GR",37.5,87,96,AHY,F
gainesville_3,2012-07-30,0001,B,NOCA,1991-18040,"KX,W",40.9,86,94,AHY,F
gainesville_14,2012-08-01,0001,B,NOCA,2331-09115,"XR,P",41,88,90,AHY,F
gainesville_16,2012-08-02,0001,B,NOCA,1292-71311,"K,XP",39.5,91.5,98,AHY,M
gainesville_9,2012-08-03,0001,B,NOCA,2331-09118,"XM,B",37.8,88,89.5,AHY,F
gainesville_9,2012-08-03,0001,B,NOCA,2331-09120,"G,KX",36.7,94,101,AHY,M
gainesville_9,2012-08-03,0001,B,NOCA,1292-71313,"XR,G",43.5,90,98.5,AHY,M
gainesville_17,2013-04-16,0001,B,NOCA,2531-74290,"W,XM",38.1,91,99,AHY,M
gainesville_20,2013-05-07,0001,B,NOCA,2331-09304,"XM,M",43.4,89,92,AHY,F
gainesville_20,2013-05-07,0001,B,NOCA,2331-09305,"WB,X",36.6,89,92,AHY,M
dc_75,2013-05-11,0001,B,GRCA,2441-13825,"XG,O",35.8,89,99999,AHY,M
dc_75,2013-05-13,0001,B,GRCA,2641-63902,"G,BX",36,90,99999,AHY,M
dc_75,2013-05-13,0001,B,NOCA,2641-63901,"B,YX",40.6,100,99999,AHY,M
gainesville_3,2013-05-13,0001,B,NOCA,2331-09123,"G,KX",42.3,92,93,AHY,M
dc_67,2013-05-14,0001,B,GRCA,2641-63903,"M,WX",32.3,89,99999,AHY,M
dc_67,2013-05-14,0001,B,NOCA,2641-63904,"W,GX",38.3,89,99999,AHY,M
dc_29,2013-05-15,0001,B,NOCA,2641-63905,"X,KY",36.5,89,99999,AHY,M
dc_29,2013-05-15,0001,B,NOCA,2641-63907,"X,GK",42.5,96,99999,AHY,M
dc_29,2013-05-15,0001,B,NOCA,2641-63906,"WX,K",36.2,88,99999,AHY,F
dc_41,2013-05-16,0001,B,SOSP,2441-96341,"K,OX",19.9,99999,66,AHY,M
dc_41,2013-05-16,0001,B,NOCA,2641-63908,"O,OX",39.9,92,98,AHY,F
dc_41,2013-05-16,0001,B,GRCA,2641-63909,"GG,X",35.8,92,98,AHY,M
dc_42,2013-05-17,0001,B,NOCA,2641-63910,"M,WX",42.4,87,99999,AHY,F
dc_42,2013-05-17,0001,B,NOCA,2641-63911,"OB,X",38,94,99999,AHY,M
gainesville_6,2013-05-17,0001,R,NOCA,1991-18048,"X,MG",42.4,90,95,AHY,F
springfield_5,2013-05-17,0001,B,NOCA,2531-91185,"O,XM",48.54,91,99,AHY,F
gainesville_1,2013-05-18,0001,B,NOCA,2331-09135,"X,YM",99999,99999,99999,AHY,M
springfield_13,2013-05-20,0001,B,NOCA,1891-11039,"G,XB",45.62,93,98,AHY,M
springfield_13,2013-05-20,0001,B,SOSP,2291-44283,"WG,X",21.06,63,62,ASY,F
springfield_13,2013-05-20,0001,B,SOSP,2571-83033,"YK,X",21.81,65,66,ASY,M
gainesville_14,2013-05-23,0001,B,NOCA,2331-09148,"X,W",42.7,86,90,AHY,F
gainesville_14,2013-05-23,0001,R,NOCA,1991-18078,"B,XG",38.5,87,89,AHY,M
gainesville_14,2013-05-23,0001,B,NOCA,2331-09146,"X,BB",37.1,93,98,AHY,M
gainesville_14,2013-05-23,0001,B,NOCA,2331-09147,"WX,R",35.7,87,90,AHY,F
dc_61,2013-05-24,0001,B,NOCA,2641-63621,"MW,X",42.1,92,99999,AHY,M
dc_61,2013-05-24,0001,B,GRCA,2641-63622,"GB,X",42.5,89,99999,AHY,F
dc_61,2013-05-24,0001,B,SOSP,2441-96522,"W,OX",17.3,65,99999,AHY,F
gainesville_18,2013-05-24,0001,B,NOCA,2331-09149,"WW,X",37.5,88,97,AHY,F
gainesville_18,2013-05-24,0001,B,NOCA,2331-09151,"MM,X",41.9,90.5,103,AHY,M
dc_21,2013-05-28,0001,B,NOCA,2641-63917,"Y,PX",41.2,91,99999,AHY,F
dc_21,2013-05-28,0001,B,GRCA,2641-63916,"O,XR",36.7,91,99999,AHY,M
gainesville_21,2013-05-28,0001,B,NOCA,2331-09308,"BW,X",35.4,88,105,AHY,M
dc_12,2013-05-29,0001,B,NOCA,2641-63625,"MW,X",38.6,95,99999,AHY,M
gainesville_11,2013-05-29,0001,B,NOCA,2331-09160,"K,OX",35.7,86,92,AHY,M
gainesville_11,2013-05-29,0001,B,NOCA,2331-09162,"GX,R",36.8,88,97,AHY,M
gainesville_11,2013-05-29,0001,B,NOCA,2331-09163,"BX,G",33.3,89,94,AHY,M
springfield_14,2013-05-31,0001,B,GRCA,2561-86607,"O,XM",39.22,73,88,ASY,F
springfield_14,2013-05-31,0001,B,GRCA,2561-86609,"R,BX",38.8,90,98,ASY,M
springfield_14,2013-05-31,0001,B,NOCA,2561-86608,"X,OM",44.36,90,99,AHY,M
springfield_14,2013-05-31,0001,B,SOSP,2371-04307,"XM,OM",21.93,64,65,ASY,M
springfield_14,2013-05-31,0001,B,SOSP,2371-04308,"K,XB",19.7,64,62,SY,F
gainesville_15,2013-06-01,0001,B,NOCA,2331-09164,"BM,X",39.1,97,98,AHY,M
gainesville_15,2013-06-01,0001,B,NOCA,2331-09165,"Y,XM",37.4,83,86,AHY,F
springfield_24,2013-06-02,0001,B,SOSP,2291-44282,"RR,X",19.79,62,62,ASY,M
dc_18,2013-06-03,0001,B,SOSP,2441-96525,"KX,W",20,64,99999,AHY,M
dc_18,2013-06-03,0001,B,GRCA,2641-63627,"XG,W",33.5,84,99999,SY,M
dc_18,2013-06-03,0001,B,GRCA,2641-63628,"O,RX",34.2,87.5,99999,SY,M
dc_37,2013-06-04,0001,B,NOCA,2641-63920,"K,XK",42.4,99999,103,AHY,M
dc_37,2013-06-04,0001,B,NOCA,2641-63921,"X,KB",36.8,99999,105,AHY,M
dc_37,2013-06-04,0001,R,NOCA,2421-11586,"YR,X",43,99999,99999,AHY,M
gainesville_4,2013-06-04,0001,R,NOCA,1991-18082,"BX,K",38.8,94,105,AHY,M
gainesville_4,2013-06-04,0001,B,NOCA,2331-09312,"BW,X",38.5,89,92,AHY,F
gainesville_4,2013-06-04,0001,B,NOCA,2331-09313,"XW,Y",40.6,97,103,AHY,M
springfield_1,2013-06-04,0001,B,NOCA,2561-86610,"GG,X",38.43,90.5,93,ASY,M
dc_1,2013-06-06,0001,B,NOCA,2641-63634,"XK,R",40.7,89,99999,AHY,M
dc_1,2013-06-06,0001,B,NOCA,2641-63635,"GX,K",43.6,89,99999,AHY,F
dc_1,2013-06-06,0001,B,SOSP,2441-96528,"XP,R",21,63,99999,AHY,M
springfield_16,2013-06-06,0001,B,SOSP,2571-83035,"X,WR",20.28,62,78,ASY,M
springfield_16,2013-06-06,0001,R,SOSP,2291-44298,"OK,X",22.55,65,65,ASY,F
springfield_16,2013-06-06,0001,B,SOSP,2571-83037,"M,BX",20.52,62,63,ASY,F
springfield_16,2013-06-06,0001,B,SOSP,2571-83036,"Y,XG",22.15,70,70,ASY,M
springfield_2,2013-06-06,0001,B,GRCA,2561-86613,"GX,B",36.25,92,95,ASY,M
springfield_2,2013-06-06,0001,B,GRCA,2561-86611,"OX,O",40.49,93,99,ASY,M
springfield_2,2013-06-06,0001,B,GRCA,2561-86612,"RY,X",40.2,89,93,ASY,F
springfield_2,2013-06-06,0001,B,SOSP,2371-04311,"OX,O",21.73,66,66,ASY,M
dc_6,2013-06-08,0001,B,GRCA,2641-63928,"M,YX",34.6,87,99999,AHY,M
dc_6,2013-06-08,0001,B,NOCA,2641-63924,"K,WX",44.6,96,99999,AHY,M
dc_6,2013-06-08,0001,B,GRCA,2641-63927,"XM,K",35.3,90,99999,AHY,M
dc_6,2013-06-08,0001,B,GRCA,2641-63925,"XW,Y",34.4,89,99999,AHY,M
dc_6,2013-06-08,0001,B,SOSP,2441-96351,"G,XY",22.2,69,99999,AHY,M
dc_6,2013-06-08,0001,B,NOCA,2641-63926,"XK,W",39.5,90,99999,AHY,F
springfield_19,2013-06-08,0001,B,GRCA,1891-11048,"RR,X",37.09,92,96,ASY,M
springfield_19,2013-06-08,0001,B,NOCA,1891-11046,"WG,X",46.29,92,105,ASY,F
springfield_19,2013-06-08,0001,B,NOCA,1891-11047,"YX,M",43.32,95,109,ASY,M
springfield_19,2013-06-08,0001,B,SOSP,2571-83039,"X,OY",22.25,64,61,SY,F
gainesville_7,2013-06-11,0001,R,NOCA,1991-18096,"Y,BX",40.4,89,94,AHY,M
gainesville_7,2013-06-11,0001,R,NOCA,1991-18097,"MW,X",39,88,99,AHY,F
gainesville_7,2013-06-11,0001,R,NOCA,1991-18098,"G,XO",39.8,84,89,AHY,F
gainesville_7,2013-06-11,0001,B,NOCA,2331-09172,"K,XW",42,92,100,AHY,M
gainesville_7,2013-06-11,0001,B,NOCA,2331-09173,"X,KY",40.3,94,101,AHY,M
springfield_4,2013-06-11,0001,B,GRCA,2561-86617,"X,OB",38.38,87,87,AHY,M
springfield_4,2013-06-11,0001,B,GRCA,2561-86619,"R,XK",34.77,93,97,ASY,M
springfield_4,2013-06-11,0001,B,NOCA,2561-86618,"OX,O",43.43,96,100,ASY,M
dc_37,2013-06-12,0001,B,GRCA,2641-63929,"GX,W",32,88,99999,AHY,M
dc_37,2013-06-12,0001,B,NOCA,2641-63931,"WB,X",99999,93,99999,AHY,F
dc_37,2013-06-12,0001,B,NOCA,2641-63930,"R,XO",39.8,90,99999,AHY,F
springfield_9,2013-06-13,0001,B,GRCA,2561-86622,"YX,K",36.25,88,92,AHY,M
springfield_9,2013-06-13,0001,B,SOSP,2371-04313,"X,KR",20.22,62,63,AHY,F
springfield_9,2013-06-13,0001,B,SOSP,2371-04312,"XY,Y",21.62,66,66,SY,M
dc_35,2013-06-14,0001,B,NOCA,2641-63638,"X,RB",45.1,99,99999,AHY,M
dc_35,2013-06-14,0001,B,NOCA,2641-63640,"X,MY",43,95,99999,AHY,M
dc_35,2013-06-14,0001,B,NOCA,2641-63637,"G,XK",44.8,87.5,99999,AHY,F
springfield_7,2013-06-14,0001,B,GRCA,2561-86624,"K,XY",35.87,92,100,ASY,M
springfield_7,2013-06-14,0001,B,GRCA,2561-86623,"BX,M",36.6,88,92,SY,F
springfield_7,2013-06-14,0001,B,GRCA,2561-86625,"Y,XY",33.87,88,97,AHY,M
springfield_7,2013-06-14,0001,R,SOSP,2291-44294,"B,WX",23.62,66,71,ASY,M
springfield_7,2013-06-14,0001,B,SOSP,2371-04314,"OO,X",21.5,63,64,AHY,F
dc_78,2013-06-15,0001,B,GRCA,2641-63641,"YX,Y",34.7,87,99999,SY,M
dc_78,2013-06-15,0001,B,GRCA,2641-63642,"WX,G",37.9,88,99999,AHY,M
dc_46,2013-06-16,0001,R,GRCA,2561-44905,"GX,B",32.8,99999,99999,AHY,M
dc_47,2013-06-19,0001,B,SOSP,2571-70316,"G,XW",20.5,67,99999,AHY,M
dc_47,2013-06-19,0001,B,SOSP,2571-70317,"MK,X",20.5,67.5,99999,AHY,M
dc_47,2013-06-19,0001,R,GRCA,2421-34652,"KX,R",41.5,99999,99999,AHY,M
gainesville_10,2013-06-19,0001,B,NOCA,2331-09182,"Y,RX",27,89,98,AHY,F
dc_74,2013-06-20,0001,B,NOCA,2531-74553,"BX,O",44.1,97,99999,AHY,M
dc_74,2013-06-20,0001,B,NOCA,2531-74555,"M,PX",43.1,94,99999,SY,M
dc_74,2013-06-20,0001,B,SOSP,2661-31504,"OX,W",22,64,99999,AHY,M
dc_74,2013-06-20,0001,B,NOCA,2531-74552,"XY,G",44.5,98,99999,AHY,M
dc_74,2013-06-20,0001,B,NOCA,2531-74554,"PR,X",43.7,92,99999,AHY,M
gainesville_2,2013-06-20,0001,B,NOCA,2331-09325,"GW,X",39,90,98,AHY,F
gainesville_2,2013-06-20,0001,B,NOCA,2331-09326,"XR,W",99999,90.5,95,AHY,M
gainesville_8,2013-06-20,0001,B,NOCA,2331-09184,"X,WM",23.9,88,96,AHY,F
gainesville_8,2013-06-20,0001,B,NOCA,2331-09185,"R,RX",24.4,87,91,AHY,F
gainesville_8,2013-06-20,0001,B,NOCA,2331-09187,"XY,K",25.3,91,101,AHY,M
springfield_11,2013-06-20,0001,B,NOCA,2561-86631,"YM,X",44.61,96,111,AHY,M
springfield_11,2013-06-20,0001,B,SOSP,2371-04321,"X,MB",22.41,66,69,SY,M
springfield_23,2013-06-20,0001,B,GRCA,2531-91188,"XK,R",37.4,93,98,ASY,F
springfield_23,2013-06-20,0001,B,GRCA,1891-11058,"BB,X",34.47,96,96,ASY,M
springfield_23,2013-06-20,0001,B,SOSP,2571-83044,"B,XO",21.77,68,69,SY,M
springfield_15,2013-06-21,0001,B,NOCA,2531-91189,"K,MX",42.16,92,95,AHY,M
dc_65,2013-06-22,0001,B,NOCA,2641-63932,"X,KR",44.8,95,99999,AHY,F
dc_69,2013-06-22,0001,B,SOSP,2661-31506,"X,BG",21,64,99999,AHY,M
dc_9,2013-06-22,0001,B,NOCA,2641-63645,"P,XM",35.7,85,99999,AHY,F
dc_14,2013-06-25,0001,B,GRCA,2441-13838,"Y,XM",22.1,84,99999,AHY,M
dc_39,2013-06-25,0001,B,SOSP,2441-96540,"B,X",22.1,62,99999,AHY,F
dc_80,2013-06-26,0001,B,SOSP,2441-96541,"W,MX",20.3,55,99999,AHY,M
dc_23,2013-06-27,0001,B,SOSP,2441-96542,"Y,MX",21.1,65,99999,AHY,M
dc_23,2013-06-27,0001,B,GRCA,2641-63648,"X,RY",37.5,90,99999,AHY,F
dc_23,2013-06-27,0001,B,GRCA,2641-63649,"X,RR",33.5,89,99999,SY,M
dc_23,2013-06-27,0001,B,GRCA,2641-63650,"X,WO",34.3,87,99999,AHY,M
dc_23,2013-06-27,0001,B,NOCA,2641-63651,"P,XR",42,92,99999,AHY,M
dc_43,2013-06-27,0001,B,GRCA,2531-74562,"KW,X",39.3,90,99999,ASY,M
dc_43,2013-06-27,0001,R,SOSP,2571-90109,"G,XG",23.4,99999,99999,AHY,M
dc_43,2013-06-27,0001,B,GRCA,2531-74562,"KW,X",39.3,90,99999,ASY,M
dc_43,2013-06-27,0001,R,SOSP,2571-90109,"G,XG",23.4,99999,99999,AHY,M
dc_62,2013-06-27,0001,B,NOCA,2531-90227,"G,XG",45,89,99999,AHY,F
dc_36,2013-06-28,0001,B,GRCA,2441-13841,"K,XM",37.6,89.5,99999,AHY,F
dc_19,2013-06-29,0001,B,NOCA,2641-63936,"O,XY",41.1,92,99999,AHY,F
dc_19,2013-06-29,0001,B,SOSP,2441-96359,"K,XG",20.1,63,99999,AHY,F
dc_19,2013-06-29,0001,B,GRCA,2641-63937,"XO,O",32.9,86,99999,AHY,M
dc_38,2013-06-29,0001,B,SOSP,2571-90121,"YX,R",22.1,64,99999,SY,M
dc_25,2013-07-01,0001,B,GRCA,2641-63938,"BK,X",37.1,89,99999,AHY,F
dc_56,2013-07-02,0001,B,NOCA,2561-56845,"RB,X",44.6,93,99999,AHY,F
dc_56,2013-07-02,0001,B,NOCA,2561-56846,"YX,K",42.9,94,99999,AHY,M
dc_66,2013-07-02,0001,B,SOSP,2661-31514,"BG,X",21.9,66,99999,AHY,M
dc_66,2013-07-02,0001,B,SOSP,2661-31515,"R,XO",20.9,62,99999,ASY,F
dc_32,2013-07-04,0001,B,NOCA,2561-56847,"Y,XB",39.2,90,99999,AHY,F
springfield_6,2013-07-04,0001,B,SOSP,2371-04327,"G,XM",20.46,65,67,SY,M
dc_34,2013-07-06,0001,B,SOSP,2441-96360,"X,RK",20.4,69,69,AHY,M
dc_5,2013-07-06,0001,B,GRCA,2641-63661,"BX,R",75.5,127,99999,AHY,F
dc_5,2013-07-06,0001,B,GRCA,2641-63662,"Y,XY",36.1,88,99999,AHY,M
springfield_21,2013-07-06,0001,B,NOCA,2531-91199,"GM,X",40.2,92,96,AHY,F
dc_26,2013-07-08,0001,B,GRCA,2531-90229,"MX,M",35.8,91.5,99999,AHY,M
dc_53,2013-07-08,0001,R,GRCA,2421-34617,"XR,R",34.1,99999,99999,AHY,F
dc_72,2013-07-08,0001,B,GRCA,2641-63672,"MX,W",36,89,99999,SY,M
dc_72,2013-07-08,0001,B,GRCA,2641-63666,"XY,Y",35,86,99999,AHY,F
dc_72,2013-07-08,0001,B,NOCA,2641-63670,"OB,X",41.9,92,99999,AHY,M
springfield_18,2013-07-08,0001,B,SOSP,2571-83051,"O,RX",20.66,63,62,ASY,M
springfield_27,2013-07-08,0001,B,NOCA,2561-86637,"RG,X",48.16,95,99999,ASY,M
dc_60,2013-07-09,0001,B,SOSP,2441-96550,"YK,X",23,68,99999,AHY,F
dc_77,2013-07-09,0001,B,GRCA,2531-90230,"OR,X",34.1,86,99999,SY,F
dc_77,2013-07-09,0001,B,GRCA,2531-90231,"W,WX",33.7,91,99999,ASY,M
dc_77,2013-07-09,0001,B,GRCA,2531-90232,"B,XB",35.6,85,99999,SY,M
dc_77,2013-07-09,0001,B,SOSP,2571-70324,"OO,X",20.7,64,99999,AHY,M
dc_24,2013-07-10,0001,B,NOCA,2641-63302,"W,XO",38.2,94,99999,AHY,F
dc_24,2013-07-10,0001,B,NOCA,2641-63304,"X,WW",46,90.5,99999,AHY,M
dc_24,2013-07-10,0001,B,GRCA,2641-63305,"BW,X",35.4,88,99999,AHY,M
springfield_17,2013-07-10,0001,B,SOSP,2571-83052,"W,WX",20.51,67,67,ASY,M
dc_3,2013-07-11,0001,B,NOCA,2561-56854,"XW,B",47.7,97,99999,AHY,F
dc_3,2013-07-11,0001,B,NOCA,2561-56855,"X,OK",43.6,92,99999,AHY,F
dc_79,2013-07-15,0001,B,GRCA,2531-90236,"X,GW",32.8,89.5,99999,AHY,F
dc_79,2013-07-15,0001,B,GRCA,2531-90237,"WX,Y",34.6,88,99999,AHY,M
dc_79,2013-07-15,0001,R,SOSP,2341-30364,"XO,R",22.7,99999,99999,AHY,M
springfield_12,2013-07-15,0001,B,GRCA,1891-11069,"K,XO",32.85,90,97,ASY,M
springfield_12,2013-07-15,0001,B,NOCA,1891-11068,"XK,R",41.99,91,99,ASY,F
springfield_12,2013-07-15,0001,B,SOSP,2571-83054,"X,OG",21.03,66,69,ASY,M
springfield_12,2013-07-15,0001,B,SOSP,2571-83059,"XK,R",20.74,63,64,ASY,F
springfield_12,2013-07-15,0001,R,SOSP,2571-83007,"RW,X",21.62,65,67,ASY,M
dc_57,2013-07-16,0001,R,NOCA,2561-44916,"Y,XB",43.8,99999,99999,AHY,F
springfield_8,2013-07-16,0001,B,GRCA,1891-11071,"XO,B",36.21,87,92,SY,M
springfield_8,2013-07-16,0001,B,GRCA,1891-11070,"XM,B",99999,88,89,SY,F
springfield_8,2013-07-16,0001,B,NOCA,1891-11072,"XM,R",41.63,92,97,ASY,M
dc_7,2013-07-20,0001,B,SOSP,2661-31523,"YX,W",21.7,66,99999,AHY,M
dc_7,2013-07-20,0001,B,NOCA,2531-74565,"X,RG",44,93,99999,AHY,F
dc_7,2013-07-20,0001,B,GRCA,2531-74566,"X,WK",38.2,92,99999,AHY,M
dc_7,2013-07-20,0001,B,NOCA,2531-74567,"OP,X",39.6,91,99999,AHY,M
dc_70,2013-07-20,0001,B,GRCA,2531-90239,"OB,X",36.4,84,99999,AHY,F
dc_70,2013-07-20,0001,B,GRCA,2531-90238,"X,WB",35.1,90,99999,AHY,M
dc_45,2013-07-22,0001,B,SOSP,2441-96562,"PO,X",21,67,99999,AHY,M
dc_45,2013-07-22,0001,B,GRCA,2641-63685,"X,BG",36.6,87,99999,AHY,F
dc_45,2013-07-22,0001,B,GRCA,2641-63686,"YP,X",35.4,90,99999,AHY,F
dc_45,2013-07-22,0001,R,GRCA,2421-34671,"R,XM",34.8,99999,99999,AHY,M
dc_64,2013-07-22,0001,B,NOCA,2531-90241,"XB,M",45.6,94,99999,AHY,F
dc_64,2013-07-22,0001,B,GRCA,2531-90242,"W,XG",38.7,84,99999,AHY,F
dc_17,2013-07-23,0001,B,GRCA,2641-63313,"XM,G",33.3,87.5,99999,AHY,F
dc_17,2013-07-23,0001,B,SOSP,2661-07919,"R,XW",20.8,64.5,66,AHY,M
dc_68,2013-07-23,0001,B,GRCA,2641-63688,"O,MX",32.8,90,99999,AHY,M
dc_68,2013-07-23,0001,B,NOCA,2641-63689,"G,OX",43.3,92,99999,AHY,M
dc_68,2013-07-23,0001,B,GRCA,2641-63690,"BB,X",33.2,90,99999,SY,F
dc_68,2013-07-23,0001,B,SOSP,2441-96563,"B,RX",20.3,67,66,AHY,M
dc_8,2013-07-24,0001,B,NOCA,2641-63314,"XG,Y",41.3,95,99999,AHY,M
dc_8,2013-07-24,0001,B,NOCA,2641-63315,"WO,X",44.3,95,99999,AHY,M
dc_49,2013-07-26,0001,B,GRCA,2641-63692,"X,OB",33,91,99999,SY,M
dc_58,2013-07-26,0001,B,NOCA,2531-74571,"GY,X",40,88,99999,AHY,F
dc_58,2013-07-26,0001,B,NOCA,2531-74572,"XO,K",42.3,94,99999,AHY,M
dc_73,2013-07-26,0001,B,SOSP,2571-70328,"WO,X",20.5,62,99999,AHY,M
dc_73,2013-07-26,0001,B,SOSP,2571-70329,"RB,X",19.9,63,99999,AHY,F
dc_73,2013-07-26,0001,B,SOSP,2571-70330,"MM,X",20.6,64,99999,AHY,M
dc_73,2013-07-26,0001,B,NOCA,2531-90243,"P,X",44.5,90,99999,AHY,F
dc_22,2013-07-27,0001,B,GRCA,2641-63693,"X,MO",35,89,99999,SY,M
springfield_26,2013-07-27,0001,B,GRCA,2561-86673,"X,YO",30.5,87,92,SY,F
springfield_26,2013-07-27,0001,B,GRCA,2561-86672,"R,XG",36.72,89,102,SY,M
dc_59,2013-07-31,0001,B,NOCA,2641-63694,"P,XG",43,89,99999,AHY,F
dc_13,2013-08-02,0001,B,NOCA,2641-63695,"X,YB",46.9,85,99999,AHY,M
dc_76,2013-08-05,0001,B,GRCA,2641-63697,"G,MX",36.7,89,99999,AHY,M
dc_76,2013-08-05,0001,B,NOCA,2641-63696,"PW,X",42.2,90,99999,AHY,F
dc_51,2013-08-07,0001,B,GRCA,2561-56878,"W,RX",33.7,87,99999,AHY,F
dc_37,2014-04-08,0001,B,NOCA,2561-56886,"X,YM",41,99999,104,AHY,M
dc_37,2014-04-09,0001,B,NOCA,2561-56888,"X,YK",40.9,91,99999,ASY,F
dc_37,2014-04-11,0001,B,NOCA,2561-56889,"XG,R",40.9,99999,92,AHY,F
dc_25,2014-04-14,0001,B,NOCA,2561-56890,"X,BO",49,91,99999,AHY,F
dc_25,2014-04-14,0001,B,NOCA,2561-56891,"X,BM",43.1,93,99999,AHY,M
dc_25,2014-04-14,0001,B,SOSP,2571-90163,"XO,M",19.3,99999,68.5,AHY,M
dc_60,2014-04-22,0001,B,SOSP,2571-90166,"YX,O",21.1,99999,68,AHY,M
dc_16,2014-04-24,0001,B,NOCA,2561-56896,"XK,Y",44.1,99999,99999,AHY,M
dc_16,2014-04-24,0001,B,NOCA,2561-56897,"XB,B",49.6,86,99999,AHY,F
dc_69,2014-05-05,0001,B,SOSP,2661-31541,"PX,R",20.7,67,99999,AHY,M
dc_69,2014-05-05,0001,B,SOSP,2661-31540,"OB,X",21.9,67,99999,ASY,M
gainesville_6,2014-05-16,0001,B,NOCA,2531-99350,"G,X",42.2,89,107,AHY,M
gainesville_6,2014-05-16,0001,R,NOCA,1991-18048,"X,MG",42.6,89,96,AHY,F
gainesville_8,2014-05-20,0001,B,NOCA,2531-99351,"X,X",36.1,85,88,AHY,F
dc_52,2014-05-21,0001,B,NOCA,2421-11938,"GX,W",43.6,99999,101,AHY,M
dc_52,2014-05-21,0001,B,NOCA,2421-11939,"X,P",44.2,96,99999,AHY,M
dc_52,2014-05-21,0001,B,GRCA,2421-11940,"XO,B",35.9,99999,92,AHY,M
dc_52,2014-05-21,0001,B,NOCA,2421-11941,"OB,X",40.9,99999,104,AHY,M
dc_52,2014-05-21,0001,B,NOCA,2421-11942,"BW,X",44.1,99999,105,AHY,M
dc_21,2014-05-23,0001,B,GRCA,2421-11944,"KG,X",38.5,99999,97,AHY,F
dc_21,2014-05-23,0001,B,SOSP,2571-90190,"G,WX",19,99999,68,AHY,M
dc_21,2014-05-23,0001,B,SOSP,2571-90191,"O,YX",20.5,99999,67,AHY,M
dc_21,2014-05-23,0001,B,SOSP,2571-90193,"X,YB",18.4,99999,58,AHY,F
dc_21,2014-05-23,0001,B,NOCA,2421-11945,"G,KX",43.3,92,100,AHY,M
gainesville_4,2014-05-23,0001,B,NOCA,2531-99353,"OK,X",42.4,91,95,AHY,M
gainesville_3,2014-05-26,0001,B,NOCA,2531-99356,"OK,X",40.8,90,95,AHY,M
gainesville_11,2014-05-27,0001,B,NOCA,2531-99357,"X,KY",40.9,88,93,AHY,M
springfield_6,2014-05-29,0001,B,GRCA,2651-17109,"X,WR",36.61,91,96,ASY,M
springfield_6,2014-05-29,0001,B,GRCA,2651-17108,"K,XK",37.62,91,95,ASY,M
springfield_6,2014-05-29,0001,B,GRCA,2651-17107,"WG,X",40.78,97,99,ASY,F
springfield_6,2014-05-29,0001,B,NOCA,2651-17106,"X,WR",45.67,95,97,AHY,M
springfield_6,2014-05-29,0001,B,SOSP,2371-04366,"XR,R",22.17,65,64,AHY,M
springfield_6,2014-05-29,0001,B,SOSP,2371-04364,"KR,X",21.19,65,65,AHY,M
springfield_6,2014-05-29,0001,B,SOSP,2371-04363,"BY,X",21.86,62,62,AHY,F
springfield_6,2014-05-29,0001,B,SOSP,2371-04365,"OX,W",20.67,63,63,AHY,M
gainesville_13,2014-05-30,0001,B,NOCA,2531-99360,"GY,X",40.5,85,92,AHY,F
gainesville_13,2014-05-30,0001,B,NOCA,2531-99361,"W,MX",37.4,92,95,AHY,M
gainesville_13,2014-05-30,0001,B,NOCA,2531-99362,"WM,X",43.1,93,104,AHY,M
gainesville_13,2014-05-30,0001,B,NOCA,2531-99363,"B,MX",39.7,86,95,AHY,F
springfield_19,2014-06-01,0001,B,GRCA,2651-17111,"XW,G",36.25,88,93,ASY,M
springfield_19,2014-06-01,0001,B,GRCA,2651-17112,"BX,O",45.01,87,94,ASY,F
springfield_25,2014-06-04,0001,B,SOSP,2371-04369,"XO,G",23.7,63,67,AHY,F
springfield_25,2014-06-04,0001,B,SOSP,2371-04370,"M,MX",18.97,63,62,AHY,M
dc_23,2014-06-06,0001,B,GRCA,2421-11962,"X,GP",35.8,83,99999,AHY,M
dc_23,2014-06-06,0001,B,NOCA,2421-11961,"G,OX",45.5,99999,101,SY,M
dc_23,2014-06-06,0001,B,NOCA,2421-11963,"OO,X",39.5,99999,88,AHY,F
dc_23,2014-06-06,0001,B,NOCA,2421-11964,"OX,W",99999,92,99999,AHY,M
dc_66,2014-06-07,0001,B,GRCA,2531-90254,"W,BX",45.4,84,99999,AHY,M
dc_66,2014-06-07,0001,B,SOSP,2571-70337,"P,XK",20.6,65,99999,AHY,M
springfield_21,2014-06-07,0001,B,GRCA,2651-17116,"XO,M",99999,89,96,AHY,M
springfield_21,2014-06-07,0001,B,GRCA,2651-17115,"WY,X",36.76,87,90,ASY,M
springfield_21,2014-06-07,0001,B,NOCA,2651-17114,"K,XW",33.56,88,90,AHY,F
springfield_23,2014-06-07,0001,B,GRCA,2641-85614,"X,MG",34.52,87,86,SY,M
springfield_23,2014-06-07,0001,B,GRCA,2641-85615,"WO,X",35.06,84,91,AHY,M
springfield_23,2014-06-07,0001,B,NOCA,2641-85616,"KX,K",49.34,90,98,AHY,F
springfield_23,2014-06-07,0001,B,SOSP,2691-06109,"R,YX",20.13,65,67,AHY,M
springfield_23,2014-06-07,0001,B,SOSP,2691-06110,"WK,X",23.84,60,62,AHY,F
dc_11,2014-06-09,0001,B,GRCA,2641-63759,"BX,G",43.5,88,99999,AHY,F
dc_22,2014-06-09,0001,B,GRCA,2641-63824,"XO,PK",38.9,85,99999,AHY,F
dc_37,2014-06-09,0001,B,GRCA,2421-11965,"BX,YW",34.1,99999,85,AHY,F
dc_37,2014-06-09,0001,B,NOCA,2421-11966,"XM,K",42.7,99999,88,SY,M
dc_37,2014-06-09,0001,R,GRCA,2421-11582,"OX,B",35.5,99999,99999,AHY,M
dc_39,2014-06-09,0001,B,NOCA,2641-63758,"X,GB",48.1,91,99999,AHY,F
dc_18,2014-06-10,0001,B,NOCA,2531-90256,"XY,G",40.9,95,99999,AHY,M
dc_18,2014-06-10,0001,B,NOCA,2531-90257,"XP,P",40.5,90,99999,AHY,F
dc_18,2014-06-10,0001,B,GRCA,2531-90258,"YY,X",38.1,95,99999,AHY,M
dc_37,2014-06-10,0001,B,GRCA,2421-11967,"BX,B",36.3,99999,98,AHY,M
dc_37,2014-06-10,0001,B,NOCA,2421-11968,"X,PO",42.5,99999,93,AHY,F
dc_29,2014-06-11,0001,B,NOCA,2641-63834,"X,PM",41.2,90,99999,AHY,F
springfield_4,2014-06-11,0001,B,GRCA,2641-85617,"X,WW",34.52,91,100,ASY,M
dc_33,2014-06-13,0001,B,NOCA,2421-11971,"OP,X",39.5,99999,97,SY,F
dc_75,2014-06-14,0001,B,GRCA,2641-63761,"X,YG",41.37,89,99999,AHY,F
dc_75,2014-06-14,0001,B,NOCA,2641-63763,"B,KX",44.4,67,99999,AHY,F
dc_75,2014-06-14,0001,B,NOCA,2641-63760,"X,KP",45.36,88,99999,AHY,F
dc_78,2014-06-14,0001,B,GRCA,2531-90260,"XG,P",32.1,87,99999,AHY,M
dc_78,2014-06-14,0001,B,SOSP,2571-70338,"-,X",34.4,65,99999,AHY,M
dc_68,2014-06-16,0001,B,SOSP,2441-13850,"XR,M",20.3,99999,60,AHY,M
dc_68,2014-06-16,0001,B,SOSP,2441-13851,"K,XY",18.3,99999,65,AHY,F
dc_68,2014-06-16,0001,B,NOCA,2421-11975,"G,GX",41,99999,89,SY,F
dc_68,2014-06-16,0001,R,SOSP,2441-96563,"B,RX",20.3,99999,99999,AHY,M
dc_68,2014-06-16,0001,B,GRCA,2421-11973,"PX,Y",36.9,99999,88,AHY,M
springfield_12,2014-06-16,0001,B,GRCA,2651-17139,"X,MY",29.9,90,96,ASY,M
springfield_12,2014-06-16,0001,B,GRCA,2651-17138,"X,BY",33.19,93,100,ASY,M
springfield_12,2014-06-16,0001,B,GRCA,2651-17136,"XW,RX",35.03,89,94,ASY,F
springfield_12,2014-06-16,0001,B,GRCA,2651-17137,"W,KX",37.96,89,92,ASY,M
springfield_12,2014-06-16,0001,B,SOSP,2371-04383,"X,KG",20.78,68,69,AHY,M
springfield_12,2014-06-16,0001,B,SOSP,2371-04382,"X,BY",22.16,63,66,AHY,F
springfield_12,2014-06-16,0001,B,SOSP,2371-04385,"XG,G",22.87,62,65,AHY,F
springfield_12,2014-06-16,0001,B,SOSP,2371-04380,"B,BX",21.55,64,62,AHY,M
springfield_12,2014-06-16,0001,B,SOSP,2371-04384,"GB,X",20.38,60,60,AHY,F
springfield_12,2014-06-16,0001,B,SOSP,2371-04381,"W,KX",21.86,63,64,AHY,M
springfield_12,2014-06-16,0001,B,SOSP,2371-04378,"W,RX",23.75,62,63,AHY,F
dc_3,2014-06-17,0001,B,NOCA,2641-63960,"BG,X",39.5,95,99999,AHY,M
dc_3,2014-06-17,0001,B,NOCA,2641-63964,"XG,R",43.5,91,99999,SY,M
dc_3,2014-06-17,0001,B,NOCA,2641-63965,"YX,O",45,94,99999,SY,M
dc_3,2014-06-17,0001,B,NOCA,2641-63966,"PR,X",40.8,89,99999,SY,M
dc_3,2014-06-17,0001,B,NOCA,2641-63959,"XP,B",46.6,92,99999,AHY,M
springfield_1,2014-06-17,0001,B,GRCA,2651-17142,"BW,X",37.37,89,93,ASY,F
springfield_1,2014-06-17,0001,B,GRCA,2651-17140,"O,YX",36.55,87,92,ASY,M
springfield_1,2014-06-17,0001,B,NOCA,2651-17141,"XW,G",42.92,95,99,AHY,F
dc_57,2014-06-18,0001,B,NOCA,2421-11976,"XG,R",47.7,99999,105,AHY,M
dc_26,2014-06-19,0001,B,GRCA,2641-63770,"XG,R",65.5,90,99999,AHY,M
dc_50,2014-06-19,0001,B,NOCA,2421-11977,"X,RO",41.7,99999,85,SY,F
dc_72,2014-06-19,0001,B,NOCA,2641-63974,"WW,XY",41.3,89,99999,AHY,M
dc_72,2014-06-19,0001,B,NOCA,2641-63975,"RR,YX",40.3,96,99999,AHY,M
springfield_2,2014-06-19,0001,B,GRCA,2651-17145,"G,GX",37.4,93,98,ASY,M
springfield_2,2014-06-19,0001,B,GRCA,2651-17147,"W,XM",35.14,87,94,ASY,M
springfield_2,2014-06-19,0001,B,NOCA,2651-17146,"MX,W",45.18,93,96,AHY,M
springfield_2,2014-06-19,0001,B,SOSP,2371-04390,"X,WG",22.34,61,67,AHY,F
springfield_2,2014-06-19,0001,B,SOSP,2371-04391,"GR,X",22.02,66,67,AHY,M
dc_54,2014-06-20,0001,B,GRCA,2421-11978,"PX,R",33.9,99999,90,SY,M
springfield_11,2014-06-20,0001,B,GRCA,2641-85622,"M,XW",37.44,90,94,SY,M
springfield_11,2014-06-20,0001,B,SOSP,2691-06119,"MX,O",21.3,64,65,AHY,M
dc_30,2014-06-21,0001,B,GRCA,2641-63980,"X,PO",37.2,95,99999,AHY,M
dc_30,2014-06-21,0001,B,NOCA,2641-63981,"PX,Y",43.9,96,99999,SY,F
dc_74,2014-06-21,0001,B,NOCA,2641-63775,"X,MG",44.1,93,99999,AHY,M
dc_74,2014-06-21,0001,B,NOCA,2641-63776,"X,GB",45.2,92,99999,AHY,M
dc_74,2014-06-21,0001,B,NOCA,2641-63774,"YW,X",40.6,66,99999,AHY,F
gainesville_21,2014-06-21,0001,B,NOCA,2531-99391,"OX,O",39.4,86,91,AHY,F
dc_56,2014-06-22,0001,B,NOCA,2531-90259,"XW,R",45.9,96,99999,AHY,M
dc_56,2014-06-22,0001,B,SOSP,2571-70345,"X,MB",20.9,69,99999,AHY,M
dc_56,2014-06-22,0001,R,NOCA,2561-56846,"YX,K",46.1,99999,99999,AHY,M
dc_80,2014-06-22,0001,B,GRCA,2641-63777,"XO,B",35.7,89,99999,AHY,M
dc_80,2014-06-22,0001,B,GRCA,2641-63778,"X,OO",35.8,86,99999,AHY,M
dc_80,2014-06-22,0001,B,GRCA,2641-63779,"GM,X",36.8,87,99999,AHY,F
dc_80,2014-06-22,0001,B,SOSP,2571-90060,"WR,X",20.1,67,99999,AHY,M
dc_20,2014-06-23,0001,B,SOSP,2571-70346,"XG,P",21.2,67,99999,AHY,M
dc_20,2014-06-23,0001,B,NOCA,2531-90261,"XP,G",40.6,100,99999,AHY,M
dc_20,2014-06-23,0001,B,NOCA,2531-90262,"XM,R",50.9,102,99999,AHY,M
dc_20,2014-06-23,0001,B,SOSP,2571-70347,"OW,X",20.1,63,99999,AHY,F
dc_67,2014-06-23,0001,B,GRCA,2641-63780,"OX,M",36.8,90,99999,AHY,M
dc_67,2014-06-23,0001,B,NOCA,2641-63781,"X,YO",41.4,89,99999,AHY,F
dc_76,2014-06-23,0001,B,GRCA,2421-11979,"XO,Y",35.2,99999,93,ASY,M
gainesville_14,2014-06-23,0001,B,NOCA,2531-99394,"R,YX",38,87,91,AHY,F
gainesville_14,2014-06-23,0001,B,NOCA,2531-99395,"BX,M",39.1,88,96,AHY,M
gainesville_14,2014-06-23,0001,B,NOCA,2531-99397,"X,XW",99999,91,99,AHY,M
gainesville_14,2014-06-23,0001,B,NOCA,2531-99398,"XG,R",41.4,90,99,AHY,M
gainesville_14,2014-06-23,0001,B,NOCA,2531-99400,"XY,Y",36.8,87,91,AHY,M
gainesville_14,2014-06-23,0001,B,NOCA,2641-96701,"K,XY",39,85,92,AHY,F
gainesville_14,2014-06-23,0001,B,NOCA,2641-96705,"RX,W",37.4,84,98,AHY,F
gainesville_14,2014-06-23,0001,B,NOCA,2641-96707,"X,BX",36.7,92,95,AHY,F
gainesville_14,2014-06-23,0001,B,NOCA,2641-96708,"X,WX",39.3,90,101,AHY,M
gainesville_14,2014-06-23,0001,B,NOCA,2641-96709,"B,XG",39.3,90,96,AHY,M
dc_7,2014-06-24,0001,B,NOCA,2641-63782,"W,BX",43.8,88.5,99999,AHY,F
dc_7,2014-06-24,0001,B,NOCA,2641-63783,"X,YW",45.6,87,99999,AHY,F
dc_7,2014-06-24,0001,B,NOCA,2641-63784,"O,XG",46.8,94,99999,AHY,M
dc_73,2014-06-24,0001,B,SOSP,2571-70351,"X,WP",20.9,68.5,99999,AHY,M
dc_73,2014-06-24,0001,B,SOSP,2571-70352,"YX,G",21.2,64,99999,AHY,M
dc_73,2014-06-24,0001,B,NOCA,2531-90263,"XY,O",43.7,89,99999,AHY,M
dc_73,2014-06-24,0001,B,NOCA,2531-90264,"XY,Y",41.2,90,99999,AHY,F
gainesville_19,2014-06-25,0842,B,NOCA,noBand-00003,"X,Y",99999,92,103,AHY,M
springfield_8,2014-06-25,0001,B,GRCA,2641-85632,"KX,M",35.19,89,98,ASY,F
springfield_8,2014-06-25,0001,B,GRCA,2641-85631,"G,XB",39.04,89,95,SY,M
springfield_8,2014-06-25,0001,B,GRCA,2641-85630,"OR,X",36.15,85,90,SY,M
dc_10,2014-06-26,0001,B,GRCA,2641-63785,"-,XM",41,91,99999,AHY,F
dc_10,2014-06-26,0001,B,SOSP,2571-90096,"X,GP",17.4,60,99999,AHY,F
dc_10,2014-06-26,0001,B,NOCA,2641-63786,"WX,P",40.4,90,99999,AHY,M
dc_10,2014-06-26,0001,B,SOSP,2571-90064,"X,RY",19.3,64,99999,AHY,M
dc_55,2014-06-26,0001,B,GRCA,2421-11984,"WX,P",37,99999,97,ASY,M
dc_55,2014-06-26,0001,B,SOSP,2441-13858,"XO,M",23.9,99999,65,AHY,M
dc_55,2014-06-26,0001,B,GRCA,2421-11985,"MM,WX",40.7,99999,90,AHY,F
dc_55,2014-06-26,0001,B,GRCA,2421-11983,"BY,GX",44,99999,95,AHY,F
springfield_26,2014-06-26,0001,B,GRCA,2651-17150,"X,BK",38.84,89,94,ASY,F
springfield_26,2014-06-26,0001,B,GRCA,2651-17149,"XW,M",26.32,91,99,ASY,M
dc_13,2014-06-27,0001,B,GRCA,2421-11986,"O,PX",35.1,99999,86,SY,F
springfield_24,2014-06-28,0001,B,GRCA,2651-17151,"GR,X",36.94,90,92,ASY,M
dc_42,2014-06-29,0001,B,GRCA,2641-63789,"YY,X",35.4,88,99999,AHY,M
dc_42,2014-06-29,0001,B,SOSP,2571-90066,"OG,X",20,64,99999,AHY,M
dc_42,2014-06-29,0001,B,GRCA,2641-63790,"B,XO",38.9,88.5,99999,AHY,F
springfield_17,2014-06-29,0001,B,GRCA,2641-85633,"YO,X",36.81,88,96,SY,M
springfield_17,2014-06-29,0001,B,SOSP,2691-06122,"R,BX",21.15,66,66,AHY,M
dc_19,2014-06-30,0001,B,GRCA,2641-63995,"MX,R",37.1,87,99999,AHY,F
dc_19,2014-06-30,0001,R,GRCA,2641-63937,"XO,O",32.8,99999,99999,AHY,M
dc_47,2014-06-30,0001,B,GRCA,2531-90267,"MG,GX",99999,95,99999,AHY,F
dc_47,2014-06-30,0001,B,GRCA,2531-90269,"GG,XK",99999,88,99999,AHY,M
dc_47,2014-06-30,0001,B,GRCA,2531-90270,"XR,P",99999,95,99999,AHY,F
dc_47,2014-06-30,0001,B,NOCA,2531-90268,"XP,R",99999,100,99999,AHY,M
springfield_13,2014-06-30,0001,B,GRCA,2651-17152,"XR,B",37.08,88,91,ASY,M
springfield_13,2014-06-30,0001,B,NOCA,2651-17154,"KR,X",43.34,95,101,AHY,M
springfield_13,2014-06-30,0001,B,NOCA,2651-17153,"M,XM",40.03,88,94,AHY,F
dc_41,2014-07-01,0001,B,SOSP,2571-70355,"X,GW",21.4,60,99999,AHY,F
dc_41,2014-07-01,0001,B,SOSP,2571-70357,"XR,R",19.7,64,99999,AHY,M
dc_41,2014-07-01,0001,B,GRCA,2531-90271,"OX,WB",35.3,86,99999,AHY,F
gainesville_20,2014-07-01,0001,R,NOCA,2331-09305,"WB,X",37.5,90,100,AHY,M
springfield_10,2014-07-01,0001,B,GRCA,2651-17155,"R,XB",36.09,89,97,ASY,M
dc_46,2014-07-02,0001,B,SOSP,2441-13866,"MW,X",99999,99999,62,AHY,F
dc_46,2014-07-02,0001,B,GRCA,2421-11996,"M,GX",37,99999,92,AHY,M
dc_46,2014-07-02,0001,B,GRCA,2421-11997,"P,XR",46.6,99999,86,AHY,F
dc_14,2014-07-03,0001,B,NOCA,2641-63795,"X,WW",44.9,91,99999,U,M
dc_14,2014-07-03,0001,B,GRCA,2641-63794,"OM,X",32.7,85.5,99999,AHY,M
dc_6,2014-07-03,0001,B,SOSP,2571-70361,"X,PO",21.4,65,99999,AHY,F
dc_6,2014-07-03,0001,B,SOSP,2571-70362,"X,PG",21,65.5,99999,AHY,M
gainesville_14,2014-07-03,0001,B,NOCA,2641-96717,"R,OX",40.4,89,95,AHY,F
gainesville_14,2014-07-03,0001,B,NOCA,2641-96718,"GX,X",34.5,88,95,AHY,M
gainesville_14,2014-07-03,0001,B,NOCA,2641-96721,"RX,X",36.9,87,93,AHY,F
gainesville_14,2014-07-03,0001,B,NOCA,2641-96722,"MX,X",44.1,90,100,AHY,M
gainesville_14,2014-07-03,0001,B,NOCA,2641-96723,"BX,X",37.1,86,93,AHY,F
gainesville_14,2014-07-03,0001,B,NOCA,2641-96724,"X,B",37.1,87,93,AHY,F
dc_15,2014-07-06,0001,B,NOCA,2531-90272,"XW,P",41,88,99999,AHY,F
gainesville_17,2014-07-06,0001,B,NOCA,2641-96726,"XR,O",38,86,91,AHY,F
gainesville_17,2014-07-06,0001,B,NOCA,2641-96727,"XK,O",40.7,90,98,AHY,M
dc_31,2014-07-07,0001,B,GRCA,2531-90273,"PY,X",34.9,88,99999,AHY,F
dc_31,2014-07-07,0001,B,GRCA,2531-90274,"YO,GX",37.8,90,99999,AHY,M
dc_31,2014-07-07,0001,B,NOCA,2531-90276,"BX,O",99999,95,99999,AHY,M
dc_35,2014-07-07,0001,B,NOCA,2641-63999,"RX,B",40.7,88,99999,AHY,F
dc_35,2014-07-07,0001,B,NOCA,2641-64000,"P,GX",43.5,95,99999,AHY,M
dc_45,2014-07-08,0001,B,GRCA,2641-63812,"WR,X",36.3,89,99999,AHY,F
dc_45,2014-07-08,0001,B,GRCA,2641-63813,"X,KY",39.2,89,99999,AHY,F
dc_45,2014-07-08,0001,B,GRCA,2641-63814,"OY,X",29.4,91,99999,AHY,M
dc_45,2014-07-08,0001,B,GRCA,2641-63815,"PM,X",32.7,88,99999,AHY,M
dc_45,2014-07-08,0001,B,GRCA,2641-63816,"XK,W",37,88,99999,AHY,M
dc_45,2014-07-08,0001,B,GRCA,2641-63817,"XM,M",33.5,91,99999,AHY,M
dc_45,2014-07-08,0001,B,SOSP,2441-96391,"Y,RX",21.7,67,99999,AHY,M
dc_45,2014-07-08,0001,B,GRCA,2641-63818,"XG,G",37.7,90,99999,AHY,M
dc_45,2014-07-08,0001,B,GRCA,2641-63819,"X,RB",32.7,85,99999,AHY,M
gainesville_15,2014-07-08,0001,B,NOCA,2641-96732,"M,XW",38.6,90,95,AHY,M
gainesville_15,2014-07-08,0001,B,NOCA,2641-96734,"R,WX",38.8,90,93,AHY,F
springfield_18,2014-07-08,0001,B,GRCA,2651-17157,"WW,X",35.42,88,93,SY,M
springfield_18,2014-07-08,0001,B,SOSP,2371-04397,"X,WB",19.75,64,62,AHY,M
springfield_18,2014-07-08,0001,B,SOSP,2371-04398,"X,YG",17.93,58,59,AHY,F
dc_22,2014-07-09,0001,B,GRCA,2641-63820,"M,BX",31,86,99999,AHY,M
dc_22,2014-07-09,0001,B,GRCA,2641-63821,"X,PO",41.9,88,99999,AHY,M
dc_22,2014-07-09,0001,B,GRCA,2641-63829,"YG,KX",34.4,86,99999,AHY,M
dc_22,2014-07-09,0001,B,GRCA,2641-63831,"XK,YO",37.3,85,99999,AHY,F
dc_22,2014-07-09,0001,R,GRCA,2641-63693,"X,MO",35.6,99999,99999,SY,M
dc_38,2014-07-10,0001,B,GRCA,2641-63854,"GX,M",36,99999,91,AHY,F
dc_38,2014-07-10,0001,B,GRCA,2641-63855,"YX,G",35.8,99999,97,AHY,M
dc_38,2014-07-10,0001,B,GRCA,2641-63856,"XW,R",34.7,99999,93,AHY,F
dc_38,2014-07-10,0001,B,GRCA,2641-63857,"OK,X",34.1,99999,85,AHY,F
dc_38,2014-07-10,0001,B,GRCA,2641-63858,"X,BM",37.7,99999,89,AHY,F
dc_38,2014-07-10,0001,B,SOSP,2441-13876,"BW,X",20.5,99999,69,AHY,M
dc_44,2014-07-10,0001,B,GRCA,2641-63832,"X,PM",36.2,90,99999,AHY,M
dc_44,2014-07-10,0001,B,GRCA,2641-63833,"RG,X",33.5,85,99999,AHY,M
springfield_9,2014-07-10,0001,B,NOCA,2641-85640,"Y,XO",43.19,86,96,AHY,F
springfield_9,2014-07-10,0001,B,SOSP,2691-06126,"X,BB",20,64,65,AHY,M
springfield_9,2014-07-10,0001,B,SOSP,2691-06129,"KX,Y",19.88,62,63,AHY,M
springfield_9,2014-07-10,0001,B,SOSP,2691-06127,"MW,X",20.28,60,59,AHY,F
springfield_9,2014-07-10,0001,B,SOSP,2691-06131,"RB,X",19.26,61,61,AHY,F
springfield_9,2014-07-10,0001,B,SOSP,2691-06128,"W,XO",21.58,65,65,AHY,M
springfield_9,2014-07-10,0001,B,SOSP,2691-06130,"WX,G",20.9,61,62,AHY,M
dc_17,2014-07-11,0001,B,NOCA,2641-63859,"R,XO",99999,99999,99,AHY,M
dc_29,2014-07-11,0001,B,SOSP,2441-96395,"X,OW",18.7,64,99999,AHY,M
dc_29,2014-07-11,0001,B,GRCA,2641-63843,"MG,X",33.4,86,99999,AHY,F
gainesville_16,2014-07-11,0001,B,NOCA,2641-96743,"B,XR",42.6,90,105,AHY,M
springfield_7,2014-07-11,0001,R,GRCA,1891-11031,"R,OX",43.8,90,95,ASY,F
springfield_7,2014-07-11,0001,B,SOSP,2691-06132,"R,KX",20.02,65,68,AHY,M
gainesville_12,2014-07-13,0001,B,NOCA,2641-96746,"G,XB",43.4,90,97,AHY,M
springfield_16,2014-07-14,0001,B,GRCA,2641-85641,"R,XW",41.79,88,98,SY,F
springfield_16,2014-07-14,0001,B,NOCA,2641-85642,"RX,B",47.69,90,102,AHY,F
springfield_16,2014-07-14,0001,R,SOSP,2571-83036,"Y,XG",22.16,67,65,AHY,M
dc_32,2014-07-15,0001,B,SOSP,2441-96399,"YB,X",21.1,65,99999,AHY,M
dc_1,2014-07-17,0001,B,GRCA,2641-63867,"X,GP",36.4,99999,91,SY,F
dc_1,2014-07-17,0001,B,SOSP,2341-30151,"XW,M",21.6,99999,66,AHY,M
dc_5,2014-07-18,0001,B,NOCA,2641-96579,"X,PW",39.6,89,99999,AHY,F
dc_5,2014-07-18,0001,B,NOCA,2641-96580,"OY,X",42.4,91,99999,AHY,M
dc_70,2014-07-19,0001,B,SOSP,2431-30153,"RX,O",19.3,99999,69,AHY,M
dc_70,2014-07-19,0001,B,GRCA,2641-63871,"RX,P",37.2,99999,93,AHY,M
springfield_14,2014-07-19,0001,B,GRCA,2641-85647,"KW,X",39.97,87,93,SY,M
springfield_14,2014-07-19,0001,B,GRCA,2641-85646,"Y,WX",99999,88,92,SY,M
springfield_14,2014-07-19,0001,R,NOCA,2561-86608,"X,OM",35.46,90,99,AHY,M
springfield_22,2014-07-21,0001,B,GRCA,2651-17162,"X,KM",35.9,90,92,ASY,M
springfield_22,2014-07-21,0001,B,GRCA,2651-17161,"XR,W",34.4,83,91,SY,F
springfield_22,2014-07-21,0001,B,SOSP,2581-97903,"X,GW",20.73,62,65,AHY,M
dc_64,2014-07-23,0001,B,SOSP,2571-89935,"X,OB",21.2,66,99999,AHY,M
dc_48,2014-07-24,0001,B,SOSP,2571-89937,"X,RG",21.2,65,99999,AHY,M
dc_51,2014-07-24,0001,B,SOSP,2341-30161,"MX,K",21.1,99999,67,AHY,M
dc_27,2014-07-25,0001,B,NOCA,2641-63883,"O,BX",44,99999,95,AHY,M
dc_27,2014-07-25,0001,B,NOCA,2641-63882,"OX,Y",45.5,99999,96,AHY,F
dc_34,2014-07-26,0001,B,NOCA,2641-63884,"GW,X",45.2,99999,97,AHY,M
dc_34,2014-07-26,0001,B,SOSP,2341-30165,"KX,B",20.6,99999,67,AHY,M
dc_34,2014-07-26,0001,R,SOSP,2441-96360,"X,RK",21.3,99999,99999,AHY,M
dc_36,2014-07-28,0001,R,NOCA,2561-56832,"G,XW",44.2,99999,99999,AHY,M
dc_36,2014-07-28,0001,B,GRCA,2641-63885,"B,MX",34.2,99999,99,AHY,F
dc_43,2014-07-29,0001,B,SOSP,2571-89948,"X,BR",20.5,64,99999,AHY,M
dc_43,2014-07-29,0001,B,SOSP,2571-89948,"X,BR",20.5,64,99999,AHY,M
dc_40,2014-07-30,0001,B,SOSP,2571-89950,"X,MW",21.7,67,99999,AHY,M
dc_40,2014-07-30,0001,B,SOSP,2571-89949,"MP,X",18.4,62,99999,AHY,F
springfield_27,2014-07-31,0001,B,SOSP,2581-97920,"OM,X",22.49,64,66,AHY,M
springfield_27,2014-07-31,0001,R,NOCA,2561-86637,"RG,X",47.88,96,94,ASY,M
dc_53,2014-08-06,0001,B,GRCA,2531-74579,"YX,R",35.1,90.5,99999,AHY,F
dc_53,2014-08-06,0001,R,GRCA,2421-34617,"XR,R",35.5,99999,99999,AHY,F
dc_53,2014-08-06,0001,B,GRCA,2421-134617,"XR,R",99999,99999,99999,AHY,F
gainesville_3,2015-04-10,0001,R,NOCA,1991-18040,"KX,W",38,87,96,AHY,F
gainesville_3,2015-04-10,0001,B,NOCA,2331-09334,"XK,O",41.7,91,99,AHY,M
gainesville_3,2015-04-10,0001,B,NOCA,2331-09335,"X,YK",35.8,85,97,AHY,F
dc_77,2015-04-11,0001,B,NOCA,2641-96900,"MX,R",41,95,99999,AHY,M
gainesville_9,2015-04-11,0001,B,NOCA,2641-76601,"R,XG",40.1,94,103,AHY,M
dc_31,2015-04-17,0001,B,NOCA,2641-96895,"MO,X",41.7,93,99999,SY,F
dc_31,2015-04-17,0001,B,NOCA,2641-96894,"M,XB",44.7,96,99999,AHY,M
dc_31,2015-04-17,0001,B,SOSP,2571-89995,"M,BX",22.9,67,99999,SY,M
dc_61,2015-04-20,0001,B,SOSP,2571-89994,"G,XP",19.5,72,99999,AHY,M
dc_75,2015-04-20,0001,B,SOSP,2571-70312,"WX,P",22.4,63,99999,SY,M
dc_37,2015-04-21,0001,B,NOCA,2641-96892,"MY,X",41.4,96,99999,SY,M
dc_37,2015-04-21,0001,B,NOCA,2641-96891,"M,XP",43,96,99999,AHY,M
dc_62,2015-04-22,0001,B,NOCA,2531-90280,"K,YX",50.5,89,99999,AHY,F
dc_62,2015-04-22,0001,B,NOCA,2531-90281,"B,XR",45.3,95,99999,AHY,M
dc_77,2015-04-29,0001,B,GRCA,2651-47502,"XK,G",37.5,93,99999,ASY,M
dc_43,2015-05-01,0001,B,GRCA,2531-90290,"O,YX",33.6,90,99999,ASY,M
dc_43,2015-05-01,0001,B,GRCA,2531-90290,"O,YX",33.6,90,99999,ASY,M
gainesville_13,2015-05-01,0001,R,NOCA,2531-99362,"WM,X",46.1,95,97,AHY,M
gainesville_18,2015-05-01,0001,B,NOCA,2641-96749,"R,KX",43,88,88,AHY,F
gainesville_18,2015-05-01,0001,B,NOCA,2641-96750,"X,KR",38,86,86,AHY,M
gainesville_18,2015-05-01,0001,B,NOCA,2641-96751,"BO,X",32,92,92,AHY,M
gainesville_18,2015-05-01,0001,B,NOCA,2641-96754,"XR,G",37,84,84,AHY,F
gainesville_18,2015-05-01,0001,B,NOCA,2641-96755,"XB,M",39,88,88,AHY,M
gainesville_18,2015-05-01,0001,B,NOCA,2641-96747,"X,-",41.5,87,96,AHY,F
gainesville_18,2015-05-01,0001,B,NOCA,2641-96748,"RX,R",39.5,94,94,AHY,M
gainesville_18,2015-05-01,0001,B,NOCA,2641-96752,"X,RW",38.5,89,89,AHY,M
gainesville_18,2015-05-01,0001,B,NOCA,2641-96753,"MO,X",40.5,87,87,AHY,M
gainesville_18,2015-05-01,0001,B,NOCA,2641-96756,"O,BX",39,90,90,AHY,M
gainesville_18,2015-05-01,0001,B,NOCA,2641-96757,"K,XG",41.5,89,89,AHY,M
dc_1,2015-05-02,0001,B,NOCA,2421-11344,"P,BX",52,90,99999,AHY,M
gainesville_15,2015-05-03,0001,B,NOCA,2641-96760,"G,BX",68,85,91,AHY,F
gainesville_5,2015-05-07,0001,B,NOCA,2641-96621,"W,XW",43.8,86,91,AHY,F
springfield_23,2015-05-11,0001,B,NOCA,2651-43216,"X,MG",47.19,95,107,AHY,M
springfield_23,2015-05-11,0001,B,SOSP,2571-83110,"GO,X",20.35,62,64,AHY,M
gainesville_14,2015-05-12,0001,B,NOCA,2541-40418,"XR,-",39.2,87,89,AHY,F
gainesville_14,2015-05-12,0001,B,NOCA,2541-40419,"XW,O",41.3,89,93,AHY,M
gainesville_14,2015-05-12,0001,B,NOCA,2541-40420,"XB,R",40.4,86,94,AHY,M
gainesville_14,2015-05-12,0001,B,NOCA,2541-40421,"XW,B",41.3,90,94,AHY,M
gainesville_14,2015-05-12,0001,B,NOCA,2641-76624,"XG,B",99999,89,95,AHY,F
gainesville_14,2015-05-12,0001,B,NOCA,2641-96625,"XB,B",39.8,89,94,AHY,F
gainesville_14,2015-05-12,0001,B,NOCA,2641-96626,"X,RM",40.9,85,94,AHY,F
springfield_6,2015-05-13,0001,B,GRCA,2651-17049,"YP,X",35.25,88,91,SY,M
springfield_6,2015-05-13,0001,R,SOSP,2371-04365,"OX,W",20.95,63,66,SY,M
springfield_25,2015-05-15,0001,B,NOCA,2651-43223,"XR,O",43.9,95,104,AHY,M
dc_2,2015-05-16,0001,B,NOCA,2421-11346,"OW,X",42.2,97,99999,AHY,M
gainesville_10,2015-05-16,0001,B,NOCA,2331-09355,"YX,R",40.6,86,97,AHY,F
gainesville_10,2015-05-16,0001,B,NOCA,2541-40423,"B,XW",40.4,84,92,AHY,F
springfield_14,2015-05-16,0001,B,GRCA,2651-17051,"P,XG",42.16,89,95,AHY,M
springfield_14,2015-05-16,0001,B,SOSP,2291-44234,"YY,X",24.23,60,62.5,AHY,F
springfield_19,2015-05-16,0001,B,NOCA,2651-43224,"XB,O",48.27,90,100,AHY,F
springfield_19,2015-05-16,0001,B,SOSP,2571-83113,"BX,R",22.31,65,66,AHY,M
gainesville_2,2015-05-18,0001,R,NOCA,2331-09326,"XR,W",37,92,104,AHY,M
springfield_16,2015-05-21,0001,B,GRCA,2651-43227,"BX,B",39.42,91,96,ASY,M
springfield_16,2015-05-21,0001,B,SOSP,2571-83116,"X,OK",21.96,66,68,AHY,M
springfield_16,2015-05-21,0001,B,SOSP,2571-83117,"XG,P",21.88,62,66,AHY,F
dc_21,2015-05-22,0001,B,SOSP,2571-89993,"XR,R",21.2,66,99999,AHY,M
dc_21,2015-05-22,0001,R,GRCA,2641-63916,"O,XR",37.9,99999,99999,AHY,M
dc_21,2015-05-22,0001,R,NOCA,2421-11945,"G,KX",47.3,99999,99999,AHY,M
springfield_10,2015-05-22,0001,B,GRCA,2651-43230,"X,OR",41.86,89,97,ASY,F
dc_77,2015-05-23,0001,B,GRCA,2651-47606,"BX,KG",36.8,81.5,99999,SY,F
springfield_21,2015-05-24,0001,B,GRCA,2651-17059,"KX,P",38.28,93,92,AHY,M
springfield_21,2015-05-24,0001,B,NOCA,2651-17058,"O,YX",47.44,93,95,AHY,M
dc_20,2015-05-27,0001,B,GRCA,2651-47608,"BX,KP",40.5,88,99999,SY,F
dc_20,2015-05-27,0001,B,NOCA,2651-47609,"B,XK",43.3,90,99999,AHY,M
dc_20,2015-05-27,0001,B,GRCA,2651-47610,"MX,Y",33.7,90,99999,ASY,M
springfield_2,2015-05-28,0001,B,GRCA,2651-43238,"X,PY",37.64,85,93,AHY,M
springfield_2,2015-05-28,0001,B,GRCA,2651-43239,"XO,R",46.33,89,96,SY,F
springfield_2,2015-05-28,0001,B,GRCA,2651-43242,"XP,R",37.3,86,90,AHY,M
springfield_2,2015-05-28,0001,R,NOCA,2651-17146,"MX,W",47.43,95,100,AHY,M
springfield_2,2015-05-28,0001,B,SOSP,2571-83119,"X,PW",18.15,58,63,AHY,F
springfield_2,2015-05-28,0001,B,SOSP,2571-83120,"GP,X",21.44,65,62,AHY,M
dc_45,2015-05-29,0001,B,NOCA,2421-11354,"OR,X",44.6,95,99999,AHY,M
springfield_13,2015-05-29,0001,B,GRCA,2651-43244,"X,KG",34.83,88,94,AHY,M
springfield_13,2015-05-29,0001,B,GRCA,2651-43243,"Y,XM",35.69,91,96,AHY,M
springfield_13,2015-05-29,0001,B,NOCA,2651-43245,"B,XW",44.81,95,105,AHY,M
dc_57,2015-05-30,0001,B,NOCA,2421-11355,"PB,X",46,92,99999,AHY,F
dc_57,2015-05-30,0001,B,GRCA,2421-11356,"X,YG",34.7,90,99999,AHY,M
dc_18,2015-05-31,0001,B,NOCA,2531-74584,"W,XM",40.7,90,99999,AHY,F
dc_18,2015-05-31,0001,B,NOCA,2531-74587,"XY,W",99999,90,99999,AHY,M
dc_18,2015-05-31,0001,B,NOCA,2531-74586,"BG,X",37.6,93,99999,AHY,F
dc_8,2015-06-01,0815,B,SOSP,2661-31551,"X,MG",20.2,61,60,AHY,F
dc_8,2015-06-01,0859,B,NOCA,2531-74585,"X,KB",42,93,99,AHY,M
dc_8,2015-06-01,0909,B,NOCA,2531-74588,"R,XO",40.2,87,96.5,AHY,F
dc_8,2015-06-01,0922,B,GRCA,2531-74589,"G,XO",32.9,84,89,AHY,M
dc_8,2015-06-01,1026,R,NOCA,2641-63314,"XG,Y",39.7,95,100,AHY,M
dc_8,2015-06-01,1045,B,NOCA,2531-74590,"MB,X",38.6,93.5,102,AHY,M
dc_8,2015-06-01,1100,B,SOSP,2661-31552,"OX,B",22.6,66,70,AHY,M
dc_8,2015-06-01,1135,B,NOCA,2531-74591,"MY,X",40.3,95,106,AHY,M
gainesville_13,2015-06-01,0001,B,NOCA,2641-96632,"BW,X",33.9,92,102,AHY,M
gainesville_13,2015-06-01,0001,B,NOCA,2641-96633,"K,XK",42.9,97,107,AHY,M
gainesville_13,2015-06-01,0001,B,NOCA,2641-96634,"M,XY",44.2,88,101,AHY,F
dc_21,2015-06-02,0001,B,GRCA,2641-96865,"OX,B",36.1,90,99999,AHY,M
dc_43,2015-06-02,0001,B,NOCA,2651-47623,"B,KX",44.4,95,99999,AHY,M
dc_43,2015-06-02,0001,B,NOCA,2651-47623,"B,KX",44.4,95,99999,AHY,M
gainesville_7,2015-06-02,0001,R,NOCA,2331-09172,"K,XW",37.7,89,96,AHY,M
gainesville_7,2015-06-02,0001,B,NOCA,2541-40443,"XM,K",42,90,101,AHY,M
springfield_7,2015-06-05,0001,B,GRCA,2651-17078,"PX,G",38.22,92,83,AHY,F
springfield_7,2015-06-05,0001,B,NOCA,2651-17077,"X,RW",48.75,96,99,AHY,M
springfield_7,2015-06-05,0001,B,SOSP,2291-44241,"M,XW",21.1,66,65,AHY,M
dc_12,2015-06-06,0001,B,NOCA,2531-74593,"OX,O",40.8,95,99999,AHY,M
springfield_5,2015-06-06,0001,B,GRCA,2651-43249,"X,RK",39.07,89,98,AHY,M
springfield_5,2015-06-06,0001,B,GRCA,2651-43248,"X,MW",37.88,85,92,SY,F
springfield_5,2015-06-06,0001,B,GRCA,2651-43247,"X,GO",39.12,75,89,AHY,F
springfield_5,2015-06-06,0001,B,GRCA,2651-43250,"MX,B",36.19,88,95,AHY,M
springfield_5,2015-06-06,0001,B,NOCA,2651-43251,"Y,XY",42.13,90,100,AHY,M
dc_73,2015-06-07,0001,B,SOSP,2661-31554,"X,GK",21.1,68,99999,ASY,M
dc_73,2015-06-07,0001,B,GRCA,2531-74594,"KO,X",33.4,91,99999,ASY,M
dc_73,2015-06-07,0001,B,GRCA,2531-74595,"R,MX",34.9,86,99999,SY,M
dc_49,2015-06-08,0001,B,SOSP,2711-77602,"X,GP",21.3,69,99999,ASY,M
dc_49,2015-06-08,0001,B,GRCA,2651-56705,"XG,B",38.8,88,99999,SY,M
dc_65,2015-06-08,0001,B,NOCA,2531-74596,"X,WK",45.2,94,99999,ASY,M
springfield_9,2015-06-08,0001,B,SOSP,2571-83125,"XB,W",21.65,63,62,AHY,F
springfield_9,2015-06-08,0001,B,SOSP,2571-83127,"XO,P",22.53,65,66,AHY,M
springfield_9,2015-06-08,0001,B,SOSP,2571-83126,"P,YX",20.29,63,59,AHY,M
springfield_9,2015-06-08,0001,B,SOSP,2571-83124,"PG,X",20.93,66,70,AHY,M
springfield_9,2015-06-08,0001,R,SOSP,2691-06128,"W,XO",21.45,66,67,AHY,M
dc_24,2015-06-10,0001,B,SOSP,2661-31560,"X,KM",20.4,61,99999,AHY,F
dc_77,2015-06-10,0001,B,NOCA,2651-47516,"XY,P",47,94,99999,AHY,M
dc_77,2015-06-10,0001,B,SOSP,2571-90082,"B,OX",23.5,66.25,99999,ASY,M
dc_39,2015-06-11,0922,B,GRCA,2531-74597,"K,YX",37.3,93,98,ASY,M
dc_43,2015-06-12,0001,B,GRCA,2531-74598,"XR,B",32.8,83.5,99999,SY,M
dc_43,2015-06-12,0001,B,GRCA,2531-74599,"X,MW",42.2,89,99999,ASY,F
dc_43,2015-06-12,0001,B,GRCA,2531-74600,"XW,O",34.7,90,99999,ASY,M
dc_43,2015-06-12,0001,B,GRCA,2531-74598,"XR,B",32.8,83.5,99999,SY,M
dc_43,2015-06-12,0001,B,GRCA,2531-74599,"X,MW",42.2,89,99999,ASY,F
dc_43,2015-06-12,0001,B,GRCA,2531-74600,"XW,O",34.7,90,99999,ASY,M
dc_5,2015-06-12,0001,B,GRCA,2421-11361,"P,XO",31.6,94,99999,AHY,M
dc_5,2015-06-12,0001,B,GRCA,2421-11362,"Y,GX",36,85,99999,ASY,F
dc_46,2015-06-16,0001,B,GRCA,2651-47520,"R,GX",36.1,87,99999,ASY,M
dc_46,2015-06-16,0001,B,SOSP,2661-31565,"O,XG",21.4,66,99999,AHY,M
dc_46,2015-06-16,0001,B,GRCA,2651-47521,"XK,O",36.4,91.5,99999,ASY,M
dc_55,2015-06-16,0001,B,GRCA,2421-11364,"X,PY",43.4,90,99999,AHY,M
dc_55,2015-06-16,0001,B,NOCA,2421-11366,"X,PP",49.2,96,99999,AHY,M
dc_55,2015-06-16,0001,B,SOSP,2661-31873,"X,WO",21.9,61,99999,AHY,F
dc_55,2015-06-16,0001,R,GRCA,2561-44929,"K,XK",28,99999,99999,AHY,M
dc_72,2015-06-17,0001,B,NOCA,2421-11369,"X,PW",39.8,95,99999,AHY,M
dc_72,2015-06-17,0001,B,NOCA,2421-11370,"X,GM",49.2,98,99999,AHY,F
dc_72,2015-06-17,0001,B,NOCA,2421-11371,"X,PB",43.8,92,99999,AHY,M
dc_72,2015-06-17,0001,B,NOCA,2421-11372,"X,BY",43.7,93,99999,AHY,F
dc_3,2015-06-18,0001,B,NOCA,2651-56712,"R,RX",43.3,90,99999,AHY,F
dc_3,2015-06-18,0001,B,NOCA,2651-56713,"RY,X",41,88,99999,AHY,F
dc_3,2015-06-18,0001,B,NOCA,2651-56714,"RK,X",41.6,94,99999,SY,M
dc_3,2015-06-18,0001,B,NOCA,2651-56715,"W,KX",46.5,90,99999,AHY,F
dc_3,2015-06-18,0001,B,NOCA,2651-56716,"R,XB",49.5,96,99999,AHY,M
dc_3,2015-06-18,0001,B,NOCA,2651-56717,"PX,W",40.7,91,99999,AHY,F
dc_3,2015-06-18,0001,B,NOCA,2651-56718,"W,XP",44.5,93,99999,ASY,M
dc_35,2015-06-18,0001,B,NOCA,2641-96852,"Y,XO",50.1,96,99999,AHY,M
dc_35,2015-06-18,0001,R,NOCA,2641-63637,"G,XK",43.7,99999,99999,AHY,F
dc_4,2015-06-18,0001,B,NOCA,2651-47522,"PY,X",44.1,94,99999,ASY,M
dc_4,2015-06-18,0001,B,NOCA,2651-47523,"X,BR",46.3,92,99999,ASY,F
dc_4,2015-06-18,0001,B,NOCA,2651-47524,"WX,M",45,93,99999,ASY,M
dc_13,2015-06-19,0001,B,NOCA,2421-11377,"X,PP",41.6,94,99999,AHY,F
dc_22,2015-06-19,0001,B,GRCA,2651-56720,"R,XY",38.2,88,99999,ASY,M
dc_22,2015-06-19,0001,B,GRCA,2651-56721,"X,WG",29.4,84,99999,SY,M
dc_22,2015-06-19,0001,B,GRCA,2651-56722,"PP,X",32.5,93,99999,SY,M
dc_22,2015-06-19,0001,B,GRCA,2651-56723,"YW,XW",36.8,90,99999,AHY,M
dc_22,2015-06-19,0001,B,GRCA,2651-56724,"YX,B",32.7,89,99999,AHY,M
dc_22,2015-06-19,0001,B,GRCA,2651-56725,"GX,P",36.4,90,99999,AHY,M
gainesville_6,2015-06-19,0001,B,NOCA,2641-96654,"XW,R",38.4,85,92,AHY,F
dc_27,2015-06-20,0001,B,NOCA,2651-56726,"PX,W",54.8,95,99999,AHY,M
dc_27,2015-06-20,0001,B,GRCA,2651-56727,"WX,W",36.6,87,99999,AHY,M
dc_38,2015-06-20,0001,B,GRCA,2651-47526,"XK,M",41.4,87,99999,ASY,F
dc_38,2015-06-20,0001,R,SOSP,2441-13876,"BW,X",20.2,99999,99999,AHY,M
dc_59,2015-06-20,0001,B,NOCA,2421-11378,"X,GY",43.6,97,99999,AHY,M
dc_59,2015-06-20,0001,B,NOCA,2421-11379,"X,OW",43.2,99,99999,AHY,M
dc_59,2015-06-20,0001,B,NOCA,2421-11380,"X,OM",47.1,92,99999,AHY,F
dc_70,2015-06-21,0001,B,NOCA,2651-47534,"YB,X",40.4,92,99999,AHY,M
dc_70,2015-06-21,0001,B,GRCA,2651-47535,"G,WX",33.8,91,99999,AHY,M
dc_70,2015-06-21,0001,B,GRCA,2651-47536,"R,BX",35.9,88,99999,AHY,M
dc_70,2015-06-21,0001,B,GRCA,2651-47537,"XG,B",42.4,89,99999,SY,F
dc_70,2015-06-21,0001,B,NOCA,2651-47538,"XP,O",44.9,87,99999,AHY,F
dc_70,2015-06-21,0001,B,SOSP,2571-90083,"M,XG",20.5,64,99999,ASY,M
dc_70,2015-06-21,0001,B,SOSP,2571-90084,"XO,O",19.6,63,99999,SY,M
dc_70,2015-06-21,0001,R,GRCA,2641-63871,"RX,P",35.4,99999,99999,AHY,M
gainesville_17,2015-06-21,0001,B,NOCA,2641-96770,"XO,K",40.7,90,98,AHY,M
gainesville_17,2015-06-21,0001,B,NOCA,2641-96771,"GO,X",34.8,84,92,AHY,F
gainesville_17,2015-06-21,0001,B,NOCA,2641-96772,"Y,XW",36.5,88,99,AHY,F
gainesville_17,2015-06-21,0001,B,NOCA,2641-96773,"W,XK",30,87.5,91,AHY,F
dc_52,2015-06-22,0001,B,NOCA,2651-47527,"XY,W",45.2,93,99999,ASY,F
dc_58,2015-06-22,0001,B,NOCA,2421-11381,"X,OO",42,93,99999,AHY,F
dc_58,2015-06-22,0001,B,NOCA,2421-11382,"X,KY",47.3,95,99999,AHY,F
gainesville_12,2015-06-22,0001,B,NOCA,2641-96659,"-,X",36.7,89,91,AHY,M
gainesville_12,2015-06-22,0001,B,NOCA,2641-96660,"MY,X",40.3,88,92,AHY,F
gainesville_12,2015-06-22,0001,B,NOCA,2641-96663,"XY,O",36.2,83,89,AHY,F
dc_76,2015-06-23,0001,B,SOSP,2711-77607,"WX,P",21.3,68,99999,SY,M
dc_76,2015-06-23,0001,B,GRCA,2651-56729,"X,PP",32.4,86,99999,SY,M
dc_76,2015-06-23,0001,R,NOCA,2641-63696,"PW,X",42.8,99999,99999,AHY,F
dc_16,2015-06-24,0001,B,SOSP,2661-31575,"O,OX",18.9,65,99999,AHY,M
dc_16,2015-06-24,0001,B,SOSP,2661-31576,"XW,G",19.4,62,99999,AHY,F
dc_28,2015-06-25,0001,B,NOCA,2651-56733,"RY,X",44.3,94,99999,AHY,M
dc_28,2015-06-25,0001,B,GRCA,2651-56734,"P,XB",33.3,86,99999,AHY,M
dc_28,2015-06-25,0001,B,GRCA,2651-56735,"GR,X",34.3,88,99999,AHY,F
springfield_8,2015-06-25,0001,B,GRCA,2651-43273,"XP,B",35.7,86,90,AHY,M
springfield_8,2015-06-25,0001,B,GRCA,2651-43275,"XW,P",34.36,84,86,AHY,F
springfield_8,2015-06-25,0001,B,NOCA,2651-43274,"XB,B",41.06,93,100,AHY,M
dc_19,2015-06-26,0001,B,SOSP,2711-77612,"XY,P",18.9,62,99999,AHY,F
dc_19,2015-06-26,0001,B,SOSP,2711-77613,"X,PR",19.5,65,99999,AHY,M
dc_19,2015-06-26,0001,B,GRCA,2651-56736,"X,WP",35.9,90,99999,ASY,M
dc_23,2015-06-26,0001,B,GRCA,2421-11387,"YY,X",37.5,90,99999,AHY,M
springfield_20,2015-06-27,0001,B,GRCA,2651-43277,"YX,O",35.85,89,97,AHY,M
dc_25,2015-06-30,0001,B,SOSP,2571-90085,"R,XP",20.1,69.5,99999,AHY,M
dc_25,2015-06-30,0001,B,SOSP,2571-90086,"G,XM",21.3,66,99999,AHY,M
dc_25,2015-06-30,0001,B,GRCA,2651-47545,"MP,X",39,86,99999,AHY,F
dc_80,2015-06-30,0001,B,GRCA,2531-74530,"O,BX",33.2,88,99999,ASY,F
dc_80,2015-06-30,0001,B,GRCA,2531-74531,"M,RX",33.6,89.5,99999,ASY,M
gainesville_9,2015-07-01,0001,B,NOCA,2641-96778,"-,X",43,89,98,AHY,F
springfield_26,2015-07-02,0001,B,GRCA,2651-43281,"X,WP",36.85,85,90,SY,F
springfield_26,2015-07-02,0001,B,NOCA,2651-43282,"X,GG",43.23,92,95,AHY,M
dc_30,2015-07-03,0001,B,GRCA,2651-56742,"Y,XR",33.1,89,99999,ASY,F
dc_30,2015-07-03,0001,B,GRCA,2651-56743,"X,PY",36.3,83,99999,SY,F
dc_30,2015-07-03,0001,B,GRCA,2651-56744,"XO,G",34.7,86,99999,SY,M
dc_30,2015-07-03,0001,R,NOCA,2641-63981,"PX,Y",47.7,99999,99999,SY,F
dc_9,2015-07-03,0001,B,GRCA,2421-11390,"PX,P",33.9,90,99999,AHY,M
dc_9,2015-07-03,0001,B,NOCA,2421-11392,"O,BX",43.7,95,99999,AHY,F
dc_11,2015-07-06,0001,B,GRCA,2651-56746,"PB,X",40.1,90,99999,SY,F
dc_11,2015-07-06,0001,B,GRCA,2651-56749,"RO,X",35.9,87,99999,SY,M
dc_11,2015-07-06,0001,B,GRCA,2651-56750,"OX,P",37,86,99999,ASY,F
dc_48,2015-07-06,0001,B,GRCA,2651-47651,"X,PP",33.1,89.5,99999,ASY,M
dc_48,2015-07-06,0001,B,GRCA,2651-47652,"Y,X",33.9,88,99999,ASY,M
dc_48,2015-07-06,0001,R,SOSP,2571-89937,"X,RG",21.9,99999,99999,AHY,M
dc_7,2015-07-06,0001,B,NOCA,2421-11393,"Y,XM",45.6,99,99999,AHY,M
dc_7,2015-07-06,0001,B,SOSP,2661-31882,"OX,R",20.5,65,99999,AHY,M
springfield_11,2015-07-07,0001,B,GRCA,2651-43283,"OP,X",39.31,86,89,SY,F
springfield_11,2015-07-07,0001,B,SOSP,2571-83137,"XR,Y",21.03,64,70,AHY,M
springfield_22,2015-07-07,0001,B,GRCA,2651-43310,"XR,M",37.17,93,99,AHY,M
springfield_22,2015-07-07,0001,B,GRCA,2651-43306,"M,OX",35.74,88,86,SY,M
springfield_22,2015-07-07,0001,B,GRCA,2651-43311,"PX,Y",46.75,87,95,AHY,F
springfield_22,2015-07-07,0001,B,SOSP,2291-44253,"XK,O",22.25,65,65,AHY,M
springfield_22,2015-07-07,0001,B,SOSP,2291-44252,"RX,G",99999,65,64,AHY,M
dc_26,2015-07-08,0001,B,NOCA,2651-56751,"X,PM",41.9,88,99999,AHY,F
dc_26,2015-07-08,0001,B,NOCA,2651-56752,"X,GO",40.6,88,99999,AHY,F
dc_36,2015-07-08,0001,B,GRCA,2531-74543,"K,XR",31.9,92,99999,ASY,M
dc_36,2015-07-08,0001,B,GRCA,2531-74544,"YP,X",31.9,89,99999,ASY,M
dc_36,2015-07-08,0001,B,SOSP,2661-31590,"RG,X",17.6,64,99999,AHY,F
dc_36,2015-07-08,0001,B,GRCA,2531-74545,"R,XO",34.9,84.5,99999,SY,F
dc_51,2015-07-08,0001,B,GRCA,2641-96841,"G,XY",29.4,91,99999,AHY,M
dc_75,2015-07-08,0001,B,GRCA,2421-11394,"PB,X",35,85,99999,AHY,F
dc_75,2015-07-08,0001,B,NOCA,2421-11396,"X,YY",46.3,95,99999,AHY,F
dc_75,2015-07-08,0001,B,SOSP,2661-31885,"X,WW",22.2,65,99999,AHY,F
dc_79,2015-07-10,0001,B,SOSP,2661-31593,"Y,XP",17.8,61,99999,ASY,F
dc_79,2015-07-10,0001,B,SOSP,2661-31594,"G,OX",23,66,99999,ASY,M
springfield_12,2015-07-10,0001,B,GRCA,2651-43321,"OX,P",38.81,89,99,AHY,F
springfield_12,2015-07-10,0001,B,GRCA,2651-43317,"R,PX",39.6,93,105,AHY,M
springfield_12,2015-07-10,0001,B,GRCA,2651-43318,"R,XP",35.33,86,95,AHY,M
springfield_12,2015-07-10,0001,B,NOCA,2651-43319,"XB,K",44.91,95,94,AHY,M
springfield_12,2015-07-10,0001,B,NOCA,2651-43325,"GW,X",52.93,91,91,AHY,F
springfield_12,2015-07-10,0001,R,SOSP,2371-04383,"X,KG",20.11,68,66,AHY,M
springfield_12,2015-07-10,0001,R,SOSP,2371-04380,"B,BX",21.04,65,67,AHY,M
springfield_12,2015-07-10,0001,B,SOSP,2291-44256,"MO,X",21.95,64,66,AHY,M
springfield_12,2015-07-10,0001,B,SOSP,2291-44255,"Y,BX",20.86,66,65,AHY,F
gainesville_18,2015-07-11,0001,B,NOCA,2641-96681,"XY,O",36.6,84,87,AHY,F
gainesville_18,2015-07-11,0001,B,NOCA,2641-96682,"BX,O",38.8,86,90,AHY,F
gainesville_18,2015-07-11,0001,B,NOCA,2641-96685,"W,XO",41.7,89,99,AHY,F
gainesville_18,2015-07-11,0001,B,NOCA,2641-96686,"M,WX",40.1,84,89,AHY,F
dc_29,2015-07-13,0001,B,GRCA,2651-56753,"OX,KY",34.3,86,99999,SY,M
dc_29,2015-07-13,0001,B,NOCA,2651-56755,"X,BW",43.7,94,99999,AHY,M
dc_29,2015-07-13,0001,B,SOSP,2711-77618,"PX,R",21.1,68,99999,AHY,M
dc_29,2015-07-13,0001,B,GRCA,2651-56756,"X,PK",37.9,91,99999,ASY,M
dc_29,2015-07-13,0001,B,GRCA,2651-56757,"G,XO",36.9,88,99999,SY,M
dc_29,2015-07-13,0001,B,GRCA,2651-56758,"MX,R",34.9,88,99999,SY,M
dc_29,2015-07-13,0001,B,GRCA,2651-56759,"BX,WO",34.6,84,99999,SY,F
dc_29,2015-07-13,0001,B,SOSP,2711-77620,"K,PX",22.2,68,99999,AHY,M
dc_29,2015-07-13,0001,B,NOCA,2651-56760,"X,BR",99999,89,99999,SY,F
dc_68,2015-07-13,0001,B,GRCA,2421-11398,"GX,YO",38.6,85,99999,AHY,F
dc_63,2015-07-14,0001,B,GRCA,2651-56762,"PB,X",30.6,85,99999,SY,M
dc_47,2015-07-15,0001,B,GRCA,2651-56764,"WK,X",31.8,87,99999,ASY,M
dc_47,2015-07-15,0001,B,SOSP,2711-77623,"BX,M",99999,68,99999,AHY,M
dc_47,2015-07-15,0001,B,GRCA,2651-56765,"W,XM",34.3,90,99999,ASY,F
dc_47,2015-07-15,0001,B,GRCA,2651-56766,"KX,Y",32.6,90,99999,ASY,M
dc_47,2015-07-15,0001,B,SOSP,2711-77626,"WM,X",18.3,65,99999,AHY,M
dc_47,2015-07-15,0001,B,SOSP,2711-77627,"K,WX",19.2,62,99999,SY,M
dc_47,2015-07-15,0001,B,SOSP,2711-77630,"GY,X",19.8,63,99999,AHY,F
dc_6,2015-07-15,0001,B,GRCA,2651-52499,"G,XP",47.4,94,99999,AHY,F
dc_6,2015-07-15,0001,B,GRCA,2651-52497,"B,XO",38.1,90,99999,AHY,F
dc_6,2015-07-15,0001,R,SOSP,2571-70362,"X,PG",20.8,99999,99999,AHY,M
dc_60,2015-07-15,0001,B,GRCA,2651-51542,"X,GM",35.5,88.5,99999,ASY,M
dc_60,2015-07-15,0001,B,SOSP,2711-77702,"X,GG",21.4,66.5,99999,AHY,M
gainesville_1,2015-07-16,0001,B,NOCA,2651-56203,"XY,R",41.5,92,101,AHY,M
dc_42,2015-07-17,0001,B,NOCA,2651-51544,"RX,W",43.4,90,99999,ASY,F
dc_42,2015-07-17,0001,B,GRCA,2651-51545,"XR,W",33.9,85.5,99999,SY,M
dc_42,2015-07-17,0001,B,SOSP,2711-77709,"MX,R",19.6,62,99999,AHY,F
dc_42,2015-07-17,0001,B,GRCA,2651-51547,"R,GX",37.7,90.5,99999,AHY,M
dc_42,2015-07-17,0001,B,GRCA,2651-51548,"MX,W",32.6,84,99999,SY,M
dc_42,2015-07-17,0001,B,NOCA,2651-51549,"X,BO",37.7,93,99999,ASY,M
dc_42,2015-07-17,0001,B,SOSP,2711-77711,"WK,X",22.9,66,99999,AHY,M
dc_67,2015-07-17,0001,B,NOCA,2651-56768,"X,BP",44.5,90,99999,AHY,M
springfield_27,2015-07-17,0001,B,SOSP,2291-44259,"R,XW",22.02,65,67,AHY,M
dc_64,2015-07-18,0001,B,GRCA,2651-51551,"P,XG",32.7,91,99999,ASY,M
dc_64,2015-07-18,0001,B,GRCA,2651-51552,"M,XR",30.4,88.5,99999,ASY,M
dc_64,2015-07-18,0001,R,GRCA,2531-90242,"W,XG",36.3,99999,99999,AHY,F
dc_53,2015-07-20,0001,B,NOCA,2651-52495,"R,RX",36.2,95,99999,AHY,F
dc_17,2015-07-21,0001,B,SOSP,2711-77636,"YO,X",22.3,70,99999,AHY,M
dc_17,2015-07-21,0001,R,GRCA,791-17275,"XK,R",34.8,99999,99999,AHY,M
dc_78,2015-07-22,0001,B,NOCA,2651-56770,"R,XO",41.6,88,99999,SY,F
dc_78,2015-07-22,0001,B,GRCA,2651-56771,"RX,O",35.3,84,99999,SY,M
dc_14,2015-07-25,0001,B,NOCA,2651-52492,"X,YM",69.8,87,99999,AHY,M
dc_14,2015-07-25,0001,B,NOCA,2651-52491,"O,XG",43.2,92,99999,AHY,F
springfield_24,2015-07-26,0001,B,NOCA,2651-43346,"BB,X",45.05,91.5,100,AHY,F
dc_14,2015-07-27,0001,B,SOSP,2571-89968,"B,XP",19.1,65,99999,AHY,M
dc_40,2015-07-27,0001,B,SOSP,2711-77640,"PR,X",19.3,63,99999,AHY,M
dc_40,2015-07-27,0001,B,GRCA,2651-56775,"RO,X",36.5,90,99999,ASY,M
dc_69,2015-07-29,0001,B,GRCA,2651-56776,"PR,X",36,78,99999,SY,F
dc_69,2015-07-29,0001,B,GRCA,2651-56777,"X,PK",37.2,90,99999,ASY,M
springfield_18,2015-07-30,0001,R,SOSP,2371-04398,"X,YG",19.16,60,63,AHY,F
springfield_18,2015-07-30,0001,B,SOSP,2291-44266,"X,YY",20.1,69,68.5,AHY,M
springfield_18,2015-07-30,0001,B,SOSP,2291-44270,"X,WW",21.75,66,64,AHY,M
springfield_18,2015-07-30,0001,B,SOSP,2291-44269,"X,RB",21.32,61.5,65,AHY,F
dc_80,2016-04-14,1220,R,SOSP,2441-96541,"W,MX",21.1,65,64,ASY,M
dc_39,2016-04-15,0917,R,NOCA,2641-63758,"X,GB",44.5,91,91,ASY,F
dc_21,2016-05-05,1015,R,GRCA,2641-96865,"OX,B",99999,89,93,ASY,M
dc_31,2016-05-16,0751,R,NOCA,2421-34683,"M,XG",45.7,92,96,ASY,F
springfield_12,2016-06-03,1010,R,SOSP,2371-04383,"X,KG",20.8,68,68,ASY,M
dc_14,2016-06-04,1010,R,SOSP,2571-89968,"B,XP",18.7,64,66,ASY,M
springfield_5,2016-06-10,1020,R,NOCA,2531-91185,"O,XM",44.7,91,102,AHY,F
springfield_22,2016-06-14,0815,R,GRCA,2651-17161,"XR,W",35.6,88,93,ASY,F
springfield_25,2016-06-15,0820,R,NOCA,2651-43223,"XR,O",45.7,95,104,ASY,M
dc_77,2016-06-20,0805,R,GRCA,2651-47502,"XK,G",36,91,96,ASY,M
springfield_7,2016-06-26,1100,R,NOCA,2651-17077,"X,RW",43.5,98,102,AHY,M
dc_25,2016-06-28,0810,R,SOSP,2441-14198,"X,OG",20.8,68,70,ASY,M
dc_41,2016-07-01,0750,R,GRCA,2531-90271,"OX,WB",41.4,89,96,AHY,F
dc_68,2016-07-02,1023,R,SOSP,2441-13850,"XR,M",21.3,65,68,AHY,M
dc_40,2016-07-08,0951,R,SOSP,2711-77640,"PR,X",19.5,67,68,ASY,M
dc_47,2016-07-12,0953,R,SOSP,2711-77623,"BX,M",21.2,66,63,ASY,M
dc_55,2016-07-12,0803,R,SOSP,2441-13858,"XO,M",23.3,66,68,AHY,M
dc_28,2016-07-13,0855,R,GRCA,2651-56734,"P,XB",34.7,90,94,ASY,M
dc_28,2016-07-13,1035,R,NOCA,2651-56733,"RY,X",42.8,94,105,ASY,M
dc_46,2016-07-15,0820,R,SOSP,2661-31565,"O,XG",22.1,66,67,ASY,M
springfield_9,2016-07-16,0845,R,SOSP,2691-06126,"X,BB",20.4,65.5,68,ASY,M
springfield_13,2016-07-18,0900,R,NOCA,2651-43245,"B,XW",46.5,96,105,AHY,M
gainesville_18,2017-04-24,0655,R,NOCA,2641-96686,"M,WX",36.7,87,93,ASY,F
dc_37,2017-04-27,0840,R,NOCA,2641-63930,"R,XO",42.1,92.5,97,AHY,F
springfield_11,2017-05-23,1230,R,GRCA,2531-91127,"BX,Y",38.6,94,104,ASY,M
dc_55,2017-05-26,0805,R,SOSP,2441-13858,"XO,M",24.1,76.5,66,ASY,M
dc_24,2017-06-08,0731,R,SOSP,2661-31560,"X,KM",17.8,62,66,AHY,F
springfield_15,2017-06-17,0904,R,NOCA,2531-91189,"K,MX",41,93,101,ASY,M
dc_3,2017-06-20,0840,R,NOCA,2561-56855,"X,OK",47,91,97,ASY,F
springfield_19,2017-07-01,0820,R,GRCA,2651-17111,"XW,G",37,86,95,ASY,M
