ch,siteID,spp,mass,age,sex,region,imp
110000,gainesville_7,NOCA,40.9,AHY,M,gainesville,0.7958479053191159
100000,gainesville_16,NOCA,39.5,AHY,M,gainesville,5.430918660450353
100000,gainesville_9,NOCA,43.5,AHY,M,gainesville,9.388789752799259
100000,springfield_5,GRCA,37,SY,F,springfield,32.15828967832283
111000,springfield_5,NOCA,43.3,AHY,M,springfield,32.15828967832283
100000,springfield_10,GRCA,37,AHY,M,springfield,14.500665574795955
100000,springfield_10,GRCA,39,AHY,F,springfield,14.500665574795955
100000,springfield_10,NOCA,40,AHY,M,springfield,14.500665574795955
100000,springfield_1,GRCA,34,AHY,M,springfield,20.482756955956077
110000,springfield_2,NOCA,43,AHY,M,springfield,1.6942343257013301
100000,springfield_23,GRCA,41,AHY,M,springfield,17.237152271856925
100000,springfield_22,GRCA,38,AHY,M,springfield,11.079416317550178
101000,springfield_7,GRCA,39,AHY,F,springfield,1.508553522658506
110000,springfield_3,NOCA,40,AHY,F,springfield,0.375814481843519
010000,springfield_13,NOCA,45.62,AHY,M,springfield,12.29755125375105
011000,springfield_19,NOCA,46.29,ASY,F,springfield,3.22373625711839
010111,springfield_19,NOCA,43.32,ASY,M,springfield,3.22373625711839
011000,springfield_19,GRCA,37.09,ASY,M,springfield,3.22373625711839
010010,springfield_23,GRCA,34.47,ASY,M,springfield,17.237152271856925
010000,springfield_12,NOCA,41.99,ASY,F,springfield,3.376241554526579
010000,springfield_12,GRCA,32.85,ASY,M,springfield,3.376241554526579
011010,springfield_8,GRCA,99999,SY,F,springfield,3.5115616366750673
010000,springfield_8,GRCA,36.21,SY,M,springfield,3.5115616366750673
011111,springfield_8,NOCA,41.63,ASY,M,springfield,3.5115616366750673
100000,gainesville_17,NOCA,34,AHY,F,gainesville,25.425288630790856
100000,gainesville_17,NOCA,42.3,AHY,F,gainesville,25.425288630790856
100000,gainesville_17,NOCA,30.8,AHY,M,gainesville,25.425288630790856
100000,gainesville_17,NOCA,39.5,AHY,M,gainesville,25.425288630790856
100000,gainesville_1,NOCA,38.7,AHY,M,gainesville,8.63406517290897
100000,gainesville_5,NOCA,37.7,AHY,F,gainesville,3.5086539012291587
100000,gainesville_13,NOCA,43.2,AHY,M,gainesville,0.5668963875155796
100000,gainesville_2,NOCA,37.5,AHY,F,gainesville,25.65079261990762
100000,gainesville_21,NOCA,38.9,AHY,F,gainesville,35.16423809537347
100000,gainesville_12,NOCA,37.3,AHY,F,gainesville,0.5331411761100309
100000,gainesville_15,NOCA,37.9,AHY,F,gainesville,11.11075430914925
100000,gainesville_15,NOCA,38.4,AHY,M,gainesville,11.11075430914925
100000,gainesville_10,NOCA,35.7,AHY,F,gainesville,13.840184977285283
100000,gainesville_3,NOCA,41.5,AHY,M,gainesville,6.318570457455592
100000,gainesville_3,NOCA,37.5,AHY,F,gainesville,6.318570457455592
100100,gainesville_3,NOCA,40.9,AHY,F,gainesville,6.318570457455592
100000,gainesville_19,NOCA,43.8,AHY,F,gainesville,11.406779520145138
111000,gainesville_6,NOCA,41.3,AHY,F,gainesville,0.516683469926487
100000,gainesville_18,NOCA,39.5,AHY,M,gainesville,0.2699185830844576
111000,gainesville_18,NOCA,41.9,AHY,M,gainesville,0.2699185830844576
110000,gainesville_18,NOCA,44.6,AHY,F,gainesville,0.2699185830844576
111010,gainesville_18,NOCA,39.3,AHY,F,gainesville,0.2699185830844576
110110,gainesville_18,NOCA,40.1,AHY,F,gainesville,0.2699185830844576
100000,gainesville_18,NOCA,40.9,AHY,F,gainesville,0.2699185830844576
110010,gainesville_14,NOCA,38.5,AHY,F,gainesville,26.04901186757946
111010,gainesville_14,NOCA,39.4,AHY,M,gainesville,26.04901186757946
110000,gainesville_14,NOCA,35.6,AHY,F,gainesville,26.04901186757946
100000,gainesville_14,NOCA,39.3,AHY,F,gainesville,26.04901186757946
110000,gainesville_4,NOCA,39.5,AHY,M,gainesville,9.920357329686677
110000,gainesville_7,NOCA,34,AHY,M,gainesville,0.7958479053191159
110000,gainesville_7,NOCA,38.2,AHY,F,gainesville,0.7958479053191159
110000,gainesville_7,NOCA,37.9,AHY,F,gainesville,0.7958479053191159
101000,NA,NA,NA,NA,NA,NA,NA
110000,NA,NA,NA,NA,NA,NA,NA
100000,dc_21,SOSP,17.4,AHY,M,dc,29.53930696964135
100000,dc_37,SOSP,17.2,AHY,F,dc,17.56612451390919
000100,springfield_14,SOSP,24.23,AHY,F,springfield,4.618744965312717
000100,springfield_7,SOSP,21.1,AHY,M,springfield,1.508553522658506
000100,springfield_22,SOSP,99999,AHY,M,springfield,11.079416317550178
000110,springfield_22,SOSP,22.25,AHY,M,springfield,11.079416317550178
000100,springfield_12,SOSP,20.86,AHY,F,springfield,3.376241554526579
000100,springfield_12,SOSP,21.95,AHY,M,springfield,3.376241554526579
000110,springfield_27,SOSP,22.02,AHY,M,springfield,0.46347904370375
000100,springfield_18,SOSP,20.1,AHY,M,springfield,2.997078901167924
000100,springfield_18,SOSP,21.32,AHY,F,springfield,2.997078901167924
000100,springfield_18,SOSP,21.75,AHY,M,springfield,2.997078901167924
010000,springfield_24,SOSP,19.79,ASY,M,springfield,1.8485340584782854
010000,springfield_13,SOSP,21.06,ASY,F,springfield,12.29755125375105
100000,springfield_7,SOSP,22,AHY,M,springfield,1.508553522658506
100000,springfield_7,SOSP,20,AHY,F,springfield,1.508553522658506
110110,springfield_7,SOSP,22.8,AHY,M,springfield,1.508553522658506
100000,springfield_22,SOSP,22,AHY,M,springfield,11.079416317550178
110000,springfield_16,SOSP,20,AHY,F,springfield,12.45540834063224
100000,springfield_9,SOSP,21,AHY,M,springfield,11.596208628066424
101100,NA,NA,NA,NA,NA,NA,NA
110000,NA,NA,NA,NA,NA,NA,NA
100000,NA,NA,NA,NA,NA,NA,NA
110000,gainesville_14,NOCA,41,AHY,F,gainesville,26.04901186757946
100000,gainesville_9,NOCA,37.8,AHY,F,gainesville,9.388789752799259
100000,gainesville_9,NOCA,36.7,AHY,M,gainesville,9.388789752799259
010010,gainesville_3,NOCA,42.3,AHY,M,gainesville,6.318570457455592
010000,gainesville_1,NOCA,99999,AHY,M,gainesville,8.63406517290897
010000,gainesville_14,NOCA,37.1,AHY,M,gainesville,26.04901186757946
011000,gainesville_14,NOCA,35.7,AHY,F,gainesville,26.04901186757946
011000,gainesville_14,NOCA,42.7,AHY,F,gainesville,26.04901186757946
011000,gainesville_18,NOCA,37.5,AHY,F,gainesville,0.2699185830844576
010111,gainesville_18,NOCA,41.9,AHY,M,gainesville,0.2699185830844576
010000,gainesville_11,NOCA,35.7,AHY,M,gainesville,28.24082441963813
010000,gainesville_11,NOCA,36.8,AHY,M,gainesville,28.24082441963813
010010,gainesville_11,NOCA,33.3,AHY,M,gainesville,28.24082441963813
010000,gainesville_15,NOCA,39.1,AHY,M,gainesville,11.11075430914925
010000,gainesville_15,NOCA,37.4,AHY,F,gainesville,11.11075430914925
010100,gainesville_7,NOCA,42,AHY,M,gainesville,0.7958479053191159
010000,gainesville_7,NOCA,40.3,AHY,M,gainesville,0.7958479053191159
010000,gainesville_10,NOCA,27,AHY,F,gainesville,13.840184977285283
010000,gainesville_8,NOCA,23.9,AHY,F,gainesville,1.5327277127946661
010000,gainesville_8,NOCA,24.4,AHY,F,gainesville,1.5327277127946661
010000,gainesville_8,NOCA,25.3,AHY,M,gainesville,1.5327277127946661
010000,gainesville_20,NOCA,43.4,AHY,F,gainesville,14.094521316392369
011001,gainesville_20,NOCA,36.6,AHY,M,gainesville,14.094521316392369
010000,gainesville_21,NOCA,35.4,AHY,M,gainesville,35.16423809537347
010000,gainesville_4,NOCA,38.5,AHY,F,gainesville,9.920357329686677
010000,gainesville_4,NOCA,40.6,AHY,M,gainesville,9.920357329686677
010000,gainesville_2,NOCA,39,AHY,F,gainesville,25.65079261990762
010100,gainesville_2,NOCA,99999,AHY,M,gainesville,25.65079261990762
000110,gainesville_3,NOCA,41.7,AHY,M,gainesville,6.318570457455592
000100,gainesville_3,NOCA,35.8,AHY,F,gainesville,6.318570457455592
000100,gainesville_10,NOCA,40.6,AHY,F,gainesville,13.840184977285283
100000,NA,NA,NA,NA,NA,NA,NA
100000,dc_12,SOSP,21.4,AHY,F,dc,8.273977456472352
001001,dc_1,SOSP,21.6,AHY,M,dc,12.05521642271349
001100,dc_51,SOSP,21.1,AHY,M,dc,44.9636297852244
001000,dc_34,SOSP,20.6,AHY,M,dc,2.0355017189269504
110000,dc_79,SOSP,21.8,AHY,M,dc,20.66164337410749
100000,dc_78,SOSP,99999,noData,noData,dc,77.2737930844539
100000,dc_55,SOSP,21.7,AHY,F,dc,55.35148643643939
100000,dc_55,SOSP,15.7,AHY,M,dc,55.35148643643939
100000,dc_16,SOSP,99999,noData,noData,dc,18.044063164447557
100000,dc_16,SOSP,20.7,AHY,M,dc,18.044063164447557
010000,springfield_14,SOSP,21.93,ASY,M,springfield,4.618744965312717
010000,springfield_14,SOSP,19.7,SY,F,springfield,4.618744965312717
011000,springfield_2,SOSP,21.73,ASY,M,springfield,1.6942343257013301
010000,springfield_9,SOSP,21.62,SY,M,springfield,11.596208628066424
010000,springfield_9,SOSP,20.22,AHY,F,springfield,11.596208628066424
010110,springfield_7,SOSP,21.5,AHY,F,springfield,1.508553522658506
010000,springfield_11,SOSP,22.41,SY,M,springfield,1.7791473674778417
010000,springfield_6,SOSP,20.46,SY,M,springfield,5.520910554198763
001000,springfield_6,SOSP,21.86,AHY,F,springfield,5.520910554198763
001000,springfield_6,SOSP,21.19,AHY,M,springfield,5.520910554198763
001100,springfield_6,SOSP,20.67,AHY,M,springfield,5.520910554198763
001000,springfield_6,SOSP,22.17,AHY,M,springfield,5.520910554198763
001000,springfield_25,SOSP,23.7,AHY,F,springfield,23.693863540184143
001000,springfield_25,SOSP,18.97,AHY,M,springfield,23.693863540184143
001010,springfield_12,SOSP,23.75,AHY,F,springfield,3.376241554526579
001110,springfield_12,SOSP,21.55,AHY,M,springfield,3.376241554526579
001000,springfield_12,SOSP,21.86,AHY,M,springfield,3.376241554526579
001000,springfield_12,SOSP,22.16,AHY,F,springfield,3.376241554526579
001110,springfield_12,SOSP,20.78,AHY,M,springfield,3.376241554526579
001000,springfield_12,SOSP,20.38,AHY,F,springfield,3.376241554526579
001000,springfield_12,SOSP,22.87,AHY,F,springfield,3.376241554526579
001000,springfield_2,SOSP,22.34,AHY,F,springfield,1.6942343257013301
001000,springfield_2,SOSP,22.02,AHY,M,springfield,1.6942343257013301
001000,springfield_18,SOSP,19.75,AHY,M,springfield,2.997078901167924
001100,springfield_18,SOSP,17.93,AHY,F,springfield,2.997078901167924
010010,NA,NA,NA,NA,NA,NA,NA
101000,NA,NA,NA,NA,NA,NA,NA
010000,NA,NA,NA,NA,NA,NA,NA
100000,NA,NA,NA,NA,NA,NA,NA
101111,NA,NA,NA,NA,NA,NA,NA
110100,NA,NA,NA,NA,NA,NA,NA
000100,NA,NA,NA,NA,NA,NA,NA
100000,NA,NA,NA,NA,NA,NA,NA
010000,NA,NA,NA,NA,NA,NA,NA
000100,dc_1,NOCA,52,AHY,M,dc,12.05521642271349
000100,dc_2,NOCA,42.2,AHY,M,dc,17.773224535266916
000100,dc_45,NOCA,44.6,AHY,M,dc,2.260624426997607
000110,dc_57,NOCA,46,AHY,F,dc,0.3089548094382787
000100,dc_57,GRCA,34.7,AHY,M,dc,0.3089548094382787
000100,dc_5,GRCA,31.6,AHY,M,dc,13.562992643500497
000100,dc_5,GRCA,36,ASY,F,dc,13.562992643500497
000100,dc_55,GRCA,43.4,AHY,M,dc,55.35148643643939
000100,dc_55,NOCA,49.2,AHY,M,dc,55.35148643643939
000110,dc_72,NOCA,39.8,AHY,M,dc,22.796729710500248
000100,dc_72,NOCA,49.2,AHY,F,dc,22.796729710500248
000111,dc_72,NOCA,43.8,AHY,M,dc,22.796729710500248
000110,dc_72,NOCA,43.7,AHY,F,dc,22.796729710500248
000100,dc_13,NOCA,41.6,AHY,F,dc,0.19177506162606625
000100,dc_59,NOCA,43.6,AHY,M,dc,2.515134644119607
000100,dc_59,NOCA,43.2,AHY,M,dc,2.515134644119607
000100,dc_59,NOCA,47.1,AHY,F,dc,2.515134644119607
000110,dc_58,NOCA,42,AHY,F,dc,0.8553798366948999
000100,dc_58,NOCA,47.3,AHY,F,dc,0.8553798366948999
000100,dc_23,GRCA,37.5,AHY,M,dc,13.244242803162631
000100,dc_9,GRCA,33.9,AHY,M,dc,9.792612132149117
000100,dc_9,NOCA,43.7,AHY,F,dc,9.792612132149117
000110,dc_7,NOCA,45.6,AHY,M,dc,7.3853653808695405
000100,dc_75,GRCA,35,AHY,F,dc,15.14826655451711
000111,dc_75,NOCA,46.3,AHY,F,dc,15.14826655451711
000100,dc_68,GRCA,38.6,AHY,F,dc,13.688583243263727
100000,NA,NA,NA,NA,NA,NA,NA
110110,NA,NA,NA,NA,NA,NA,NA
101000,dc_1,NOCA,43.4,AHY,F,dc,12.05521642271349
100000,dc_1,NOCA,46.4,AHY,M,dc,12.05521642271349
100000,dc_1,GRCA,33.6,AHY,M,dc,12.05521642271349
100000,dc_12,GRCA,35.2,AHY,M,dc,8.273977456472352
101000,dc_12,NOCA,42.1,AHY,M,dc,8.273977456472352
100000,dc_12,GRCA,43.7,AHY,F,dc,8.273977456472352
100000,dc_12,NOCA,41.1,AHY,F,dc,8.273977456472352
100000,dc_11,NOCA,40.6,AHY,F,dc,16.674791769623933
100000,dc_11,GRCA,36.1,AHY,M,dc,16.674791769623933
100000,dc_11,NOCA,42.1,AHY,M,dc,16.674791769623933
100000,dc_37,GRCA,34.7,AHY,M,dc,17.56612451390919
100000,dc_37,NOCA,99999,AHY,M,dc,17.56612451390919
100000,dc_37,NOCA,99999,AHY,F,dc,17.56612451390919
100000,dc_37,GRCA,33.2,AHY,F,dc,17.56612451390919
100000,dc_37,GRCA,34.2,AHY,M,dc,17.56612451390919
101000,dc_37,GRCA,36.6,AHY,M,dc,17.56612451390919
100000,dc_37,GRCA,39.9,AHY,M,dc,17.56612451390919
100000,dc_37,GRCA,39.2,AHY,F,dc,17.56612451390919
110001,dc_37,NOCA,45.9,AHY,M,dc,17.56612451390919
100000,dc_37,GRCA,33.6,AHY,M,dc,17.56612451390919
100000,dc_21,GRCA,31.7,AHY,M,dc,29.53930696964135
100000,dc_21,GRCA,34.6,AHY,M,dc,29.53930696964135
100000,dc_21,GRCA,32.1,AHY,M,dc,29.53930696964135
100000,dc_37,NOCA,45.7,AHY,F,dc,17.56612451390919
010000,NA,NA,NA,NA,NA,NA,NA
110000,NA,NA,NA,NA,NA,NA,NA
001000,dc_52,NOCA,43.6,AHY,M,dc,0.7953645150928994
001000,dc_52,NOCA,44.2,AHY,M,dc,0.7953645150928994
001000,dc_52,GRCA,35.9,AHY,M,dc,0.7953645150928994
001000,dc_52,NOCA,40.9,AHY,M,dc,0.7953645150928994
001100,dc_52,NOCA,44.1,AHY,M,dc,0.7953645150928994
001000,dc_21,GRCA,38.5,AHY,F,dc,29.53930696964135
001111,dc_21,NOCA,43.3,AHY,M,dc,29.53930696964135
001000,dc_23,NOCA,45.5,SY,M,dc,13.244242803162631
001000,dc_23,GRCA,35.8,AHY,M,dc,13.244242803162631
001000,dc_23,NOCA,39.5,AHY,F,dc,13.244242803162631
001000,dc_23,NOCA,99999,AHY,M,dc,13.244242803162631
001000,dc_37,GRCA,34.1,AHY,F,dc,17.56612451390919
001000,dc_37,NOCA,42.7,SY,M,dc,17.56612451390919
001000,dc_37,GRCA,36.3,AHY,M,dc,17.56612451390919
001000,dc_37,NOCA,42.5,AHY,F,dc,17.56612451390919
001000,dc_33,NOCA,39.5,SY,F,dc,44.7036731204875
001000,dc_68,GRCA,36.9,AHY,M,dc,13.688583243263727
001000,dc_68,NOCA,41,SY,F,dc,13.688583243263727
001001,dc_57,NOCA,47.7,AHY,M,dc,0.3089548094382787
001000,dc_50,NOCA,41.7,SY,F,dc,8.866602112905868
001000,dc_54,GRCA,33.9,SY,M,dc,38.43477014834498
001000,dc_76,GRCA,35.2,ASY,M,dc,29.541603275658495
001100,dc_55,GRCA,44,AHY,F,dc,55.35148643643939
001010,dc_55,GRCA,37,ASY,M,dc,55.35148643643939
001000,dc_55,GRCA,40.7,AHY,F,dc,55.35148643643939
001000,dc_13,GRCA,35.1,SY,F,dc,0.19177506162606625
001000,dc_46,GRCA,37,AHY,M,dc,41.49568828802371
001000,dc_46,GRCA,46.6,AHY,F,dc,41.49568828802371
001000,dc_53,GRCA,99999,AHY,F,dc,38.7559175247704
101000,dc_4,NOCA,40.8,AHY,F,dc,14.930376455106416
100000,dc_76,NOCA,48.3,AHY,M,dc,29.541603275658495
100000,dc_5,NOCA,45.1,AHY,M,dc,13.562992643500497
100000,dc_5,GRCA,38.1,AHY,M,dc,13.562992643500497
100000,dc_5,NOCA,41.9,AHY,F,dc,13.562992643500497
110000,dc_71,GRCA,36.3,AHY,M,dc,19.35982387403365
110000,dc_71,GRCA,38.9,AHY,M,dc,19.35982387403365
100000,dc_71,GRCA,35.2,AHY,M,dc,19.35982387403365
110000,dc_58,NOCA,38.6,AHY,F,dc,0.8553798366948999
100000,dc_64,GRCA,35.4,AHY,F,dc,28.867877672960052
100000,dc_64,GRCA,33.7,AHY,M,dc,28.867877672960052
100000,dc_64,GRCA,34.7,AHY,M,dc,28.867877672960052
111000,dc_53,GRCA,36.7,AHY,F,dc,38.7559175247704
100000,dc_53,GRCA,36,AHY,F,dc,38.7559175247704
100000,dc_3,NOCA,46,AHY,M,dc,16.311037537557116
100000,dc_3,NOCA,43.1,AHY,M,dc,16.311037537557116
100000,dc_3,NOCA,39.9,AHY,F,dc,16.311037537557116
100000,dc_10,NOCA,42.3,AHY,M,dc,16.058698572175746
100000,dc_10,NOCA,43.1,AHY,F,dc,16.058698572175746
100000,dc_75,NOCA,38.3,AHY,F,dc,15.14826655451711
110000,dc_75,GRCA,35.1,AHY,M,dc,15.14826655451711
100000,dc_75,GRCA,33.2,AHY,M,dc,15.14826655451711
100000,dc_75,GRCA,39.7,AHY,F,dc,15.14826655451711
100100,dc_59,NOCA,50.9,AHY,F,dc,2.515134644119607
100000,dc_48,GRCA,35.3,AHY,M,dc,18.221018591973273
100000,dc_48,GRCA,41.1,AHY,F,dc,18.221018591973273
100000,dc_47,GRCA,39.2,AHY,F,dc,18.647289544248498
110000,dc_47,GRCA,40,AHY,M,dc,18.647289544248498
101000,dc_18,NOCA,50,AHY,F,dc,15.220496977520728
100000,dc_44,GRCA,36.3,AHY,M,dc,2.750633203057335
100000,dc_44,GRCA,34,AHY,M,dc,2.750633203057335
110100,dc_44,NOCA,44.2,AHY,M,dc,2.750633203057335
100000,dc_23,NOCA,49,AHY,M,dc,13.244242803162631
100000,dc_23,GRCA,35.9,AHY,M,dc,13.244242803162631
100000,dc_23,GRCA,36.9,AHY,F,dc,13.244242803162631
100000,dc_23,NOCA,40.5,AHY,F,dc,13.244242803162631
100000,dc_23,NOCA,39.7,AHY,F,dc,13.244242803162631
100000,dc_23,NOCA,43.4,AHY,M,dc,13.244242803162631
100000,dc_45,GRCA,35.3,AHY,M,dc,2.260624426997607
100000,dc_45,GRCA,43,AHY,F,dc,2.260624426997607
110000,dc_45,GRCA,34.1,AHY,M,dc,2.260624426997607
100000,dc_45,GRCA,35.7,AHY,M,dc,2.260624426997607
100000,dc_45,NOCA,43.3,AHY,F,dc,2.260624426997607
100000,dc_45,NOCA,44.3,AHY,M,dc,2.260624426997607
100000,dc_45,GRCA,34.8,AHY,M,dc,2.260624426997607
100000,dc_45,GRCA,37.7,AHY,M,dc,2.260624426997607
111000,dc_72,GRCA,35.2,AHY,M,dc,22.796729710500248
100000,dc_72,GRCA,36.6,AHY,F,dc,22.796729710500248
100010,dc_31,NOCA,44.4,AHY,F,dc,22.083489906729575
100000,dc_31,NOCA,41.9,AHY,M,dc,22.083489906729575
100000,dc_2,NOCA,43.4,AHY,M,dc,17.773224535266916
100000,dc_2,GRCA,32.8,AHY,M,dc,17.773224535266916
100000,dc_2,GRCA,38.8,AHY,F,dc,17.773224535266916
100000,dc_60,NOCA,47.4,AHY,F,dc,43.465758041087255
111010,dc_27,NOCA,41.4,AHY,F,dc,0.21444993141507726
100000,dc_9,NOCA,40.3,AHY,F,dc,9.792612132149117
100000,dc_9,NOCA,40.4,AHY,M,dc,9.792612132149117
100000,dc_28,NOCA,41,AHY,F,dc,21.452174430924135
100000,dc_25,NOCA,38.6,AHY,F,dc,19.266683794731215
100000,dc_15,NOCA,38.2,AHY,F,dc,4.622294797601261
001000,dc_70,SOSP,19.3,AHY,M,dc,16.41750141150856
010000,dc_75,GRCA,35.8,AHY,M,dc,15.14826655451711
010001,dc_14,GRCA,22.1,AHY,M,dc,24.85823122018373
010000,dc_36,GRCA,37.6,AHY,F,dc,28.637323252341805
001010,dc_68,SOSP,20.3,AHY,M,dc,13.688583243263727
001000,dc_68,SOSP,18.3,AHY,F,dc,13.688583243263727
001011,dc_55,SOSP,23.9,AHY,M,dc,55.35148643643939
001000,dc_46,SOSP,99999,AHY,F,dc,41.49568828802371
001110,dc_38,SOSP,20.5,AHY,M,dc,24.898963187668702
010000,NA,NA,NA,NA,NA,NA,NA
110000,NA,NA,NA,NA,NA,NA,NA
101100,dc_75,SOSP,20,AHY,M,dc,15.14826655451711
100000,dc_75,SOSP,20.1,AHY,F,dc,15.14826655451711
100000,dc_60,SOSP,20.7,AHY,F,dc,43.465758041087255
100000,dc_60,SOSP,19.9,AHY,F,dc,43.465758041087255
100000,dc_27,SOSP,21.2,AHY,M,dc,0.21444993141507726
100010,dc_25,SOSP,20.7,AHY,M,dc,19.266683794731215
101100,NA,NA,NA,NA,NA,NA,NA
101000,NA,NA,NA,NA,NA,NA,NA
010000,dc_41,SOSP,19.9,AHY,M,dc,9.89276169646652
011110,dc_6,SOSP,22.2,AHY,M,dc,23.673583607447497
010000,dc_19,SOSP,20.1,AHY,F,dc,30.68958086742275
011001,dc_34,SOSP,20.4,AHY,M,dc,2.0355017189269504
001011,dc_45,SOSP,21.7,AHY,M,dc,2.260624426997607
001000,dc_29,SOSP,18.7,AHY,M,dc,10.703115126152511
001000,dc_32,SOSP,21.1,AHY,M,dc,20.712875819051465
100000,dc_38,SOSP,22.4,AHY,M,dc,24.898963187668702
100000,dc_38,SOSP,20.6,AHY,M,dc,24.898963187668702
100000,dc_69,SOSP,19.4,AHY,M,dc,5.086523650446573
110000,dc_69,SOSP,22,AHY,M,dc,5.086523650446573
100000,dc_80,SOSP,19.7,AHY,M,dc,19.14522084138222
100000,dc_20,GRCA,33.4,AHY,M,dc,17.09425345697
100000,dc_41,SOSP,21,AHY,M,dc,9.89276169646652
100000,dc_41,SOSP,21.5,AHY,M,dc,9.89276169646652
100000,dc_19,SOSP,21.7,AHY,M,dc,30.68958086742275
110000,dc_19,SOSP,18.2,AHY,M,dc,30.68958086742275
100100,dc_19,SOSP,22.2,AHY,M,dc,30.68958086742275
100000,dc_33,SOSP,21.2,AHY,M,dc,44.7036731204875
100000,dc_33,SOSP,20,AHY,F,dc,44.7036731204875
100000,dc_24,SOSP,19.2,AHY,M,dc,28.181845082550346
100000,dc_30,SOSP,19,AHY,F,dc,29.831061700379717
100000,dc_29,SOSP,22.9,AHY,M,dc,10.703115126152511
011000,dc_61,SOSP,17.3,AHY,F,dc,39.82339424633161
010000,dc_18,SOSP,20,AHY,M,dc,15.220496977520728
010000,dc_1,SOSP,21,AHY,M,dc,12.05521642271349
010000,dc_39,SOSP,22.1,AHY,F,dc,18.18446116268389
011010,dc_80,SOSP,20.3,AHY,M,dc,19.14522084138222
010000,dc_23,SOSP,21.1,AHY,M,dc,13.244242803162631
010000,dc_60,SOSP,23,AHY,F,dc,43.465758041087255
010000,dc_45,SOSP,21,AHY,M,dc,2.260624426997607
011000,dc_68,SOSP,20.3,AHY,M,dc,13.688583243263727
100000,dc_15,NOCA,39,AHY,M,dc,4.622294797601261
010000,gainesville_17,NOCA,38.1,AHY,M,gainesville,25.425288630790856
000100,dc_80,GRCA,33.2,ASY,F,dc,19.14522084138222
000100,dc_80,GRCA,33.6,ASY,M,dc,19.14522084138222
000100,dc_36,GRCA,31.9,ASY,M,dc,28.637323252341805
000100,dc_36,GRCA,31.9,ASY,M,dc,28.637323252341805
000100,dc_36,GRCA,34.9,SY,F,dc,28.637323252341805
011100,dc_74,NOCA,44.5,AHY,M,dc,2.8056302530433594
010000,dc_74,NOCA,44.1,AHY,M,dc,2.8056302530433594
010101,dc_74,NOCA,43.7,AHY,M,dc,2.8056302530433594
010000,dc_74,NOCA,43.1,SY,M,dc,2.8056302530433594
010100,dc_43,GRCA,39.3,ASY,M,dc,21.056166005352395
010100,dc_43,GRCA,39.3,ASY,M,dc,21.056166005352395
010000,dc_7,NOCA,44,AHY,F,dc,7.3853653808695405
010000,dc_7,GRCA,38.2,AHY,M,dc,7.3853653808695405
011111,dc_7,NOCA,39.6,AHY,M,dc,7.3853653808695405
010000,dc_7,NOCA,99999,noData,noData,dc,7.3853653808695405
010000,dc_58,NOCA,40,AHY,F,dc,0.8553798366948999
010000,dc_58,NOCA,42.3,AHY,M,dc,0.8553798366948999
001000,dc_53,GRCA,35.1,AHY,F,dc,38.7559175247704
000100,dc_18,NOCA,40.7,AHY,F,dc,15.220496977520728
000100,dc_8,NOCA,42,AHY,M,dc,22.643719765475897
000100,dc_18,NOCA,37.6,AHY,F,dc,15.220496977520728
000110,dc_18,NOCA,99999,AHY,M,dc,15.220496977520728
000100,dc_8,NOCA,40.2,AHY,F,dc,22.643719765475897
000100,dc_8,GRCA,32.9,AHY,M,dc,22.643719765475897
000100,dc_8,NOCA,38.6,AHY,M,dc,22.643719765475897
000100,dc_8,NOCA,40.3,AHY,M,dc,22.643719765475897
000110,dc_12,NOCA,40.8,AHY,M,dc,8.273977456472352
000100,dc_73,GRCA,33.4,ASY,M,dc,5.545429526874432
000100,dc_73,GRCA,34.9,SY,M,dc,5.545429526874432
000100,dc_65,NOCA,45.2,ASY,M,dc,3.862943220612453
000100,dc_39,GRCA,37.3,ASY,M,dc,18.18446116268389
000100,dc_43,GRCA,32.8,SY,M,dc,21.056166005352395
000100,dc_43,GRCA,32.8,SY,M,dc,21.056166005352395
000100,dc_43,GRCA,42.2,ASY,F,dc,21.056166005352395
000100,dc_43,GRCA,42.2,ASY,F,dc,21.056166005352395
000110,dc_43,GRCA,34.7,ASY,M,dc,21.056166005352395
000110,dc_43,GRCA,34.7,ASY,M,dc,21.056166005352395
010000,dc_62,NOCA,45,AHY,F,dc,0.1641748992301996
010001,dc_26,GRCA,35.8,AHY,M,dc,15.533239421859758
010000,dc_77,GRCA,34.1,SY,F,dc,11.692978442586444
010000,dc_77,GRCA,33.7,ASY,M,dc,11.692978442586444
010000,dc_77,GRCA,35.6,SY,M,dc,11.692978442586444
010000,dc_79,GRCA,32.8,AHY,F,dc,20.66164337410749
010000,dc_79,GRCA,34.6,AHY,M,dc,20.66164337410749
011000,dc_70,GRCA,35.1,AHY,M,dc,16.41750141150856
010000,dc_70,GRCA,36.4,AHY,F,dc,16.41750141150856
010000,dc_64,NOCA,45.6,AHY,F,dc,28.867877672960052
010100,dc_64,GRCA,38.7,AHY,F,dc,28.867877672960052
011101,dc_73,NOCA,44.5,AHY,F,dc,5.545429526874432
001000,dc_66,GRCA,45.4,AHY,M,dc,37.79054366283646
001000,dc_18,NOCA,40.9,AHY,M,dc,15.220496977520728
001000,dc_18,NOCA,40.5,AHY,F,dc,15.220496977520728
001000,dc_18,GRCA,38.1,AHY,M,dc,15.220496977520728
001000,dc_56,NOCA,45.9,AHY,M,dc,25.456090322724965
001000,dc_78,GRCA,32.1,AHY,M,dc,77.2737930844539
001011,dc_20,NOCA,40.6,AHY,M,dc,17.09425345697
001000,dc_20,NOCA,50.9,AHY,M,dc,17.09425345697
001010,dc_73,NOCA,43.7,AHY,M,dc,5.545429526874432
001000,dc_73,NOCA,41.2,AHY,F,dc,5.545429526874432
001000,dc_47,GRCA,99999,AHY,F,dc,18.647289544248498
001110,dc_47,NOCA,99999,AHY,M,dc,18.647289544248498
001000,dc_47,GRCA,99999,AHY,M,dc,18.647289544248498
001110,dc_47,GRCA,99999,AHY,F,dc,18.647289544248498
001011,dc_41,GRCA,35.3,AHY,F,dc,9.89276169646652
001000,dc_15,NOCA,41,AHY,F,dc,4.622294797601261
001000,dc_31,GRCA,34.9,AHY,F,dc,22.083489906729575
001000,dc_31,GRCA,37.8,AHY,M,dc,22.083489906729575
001000,dc_31,NOCA,99999,AHY,M,dc,22.083489906729575
000100,dc_62,NOCA,50.5,AHY,F,dc,0.1641748992301996
000101,dc_62,NOCA,45.3,AHY,M,dc,0.1641748992301996
000100,dc_43,GRCA,33.6,ASY,M,dc,21.056166005352395
000100,dc_43,GRCA,33.6,ASY,M,dc,21.056166005352395
110010,springfield_21,NOCA,46,AHY,M,springfield,32.41040209422641
100000,springfield_13,GRCA,34.1,AHY,M,springfield,12.29755125375105
101000,springfield_13,GRCA,38.5,AHY,F,springfield,12.29755125375105
100000,springfield_13,NOCA,42.5,AHY,F,springfield,12.29755125375105
100000,springfield_12,GRCA,36,AHY,M,springfield,3.376241554526579
100000,springfield_12,GRCA,33.9,AHY,F,springfield,3.376241554526579
100000,springfield_12,GRCA,36,AHY,M,springfield,3.376241554526579
100000,springfield_12,NOCA,44.8,AHY,F,springfield,3.376241554526579
100000,springfield_12,GRCA,38.7,AHY,M,springfield,3.376241554526579
100000,springfield_6,NOCA,50.9,AHY,F,springfield,5.520910554198763
101000,springfield_6,NOCA,43.3,AHY,F,springfield,5.520910554198763
100001,springfield_11,GRCA,39.8,AHY,M,springfield,1.7791473674778417
100000,springfield_11,GRCA,33.4,AHY,F,springfield,1.7791473674778417
100000,springfield_11,GRCA,35,AHY,M,springfield,1.7791473674778417
110000,springfield_14,NOCA,43.1,AHY,F,springfield,4.618744965312717
100000,springfield_14,NOCA,39.5,AHY,F,springfield,4.618744965312717
100000,springfield_15,NOCA,49.68,AHY,F,springfield,21.5368093447579
100000,springfield_18,GRCA,35.18,AHY,F,springfield,2.997078901167924
010110,springfield_5,NOCA,48.54,AHY,F,springfield,32.15828967832283
010000,springfield_23,GRCA,37.4,ASY,F,springfield,17.237152271856925
010001,springfield_15,NOCA,42.16,AHY,M,springfield,21.5368093447579
011000,springfield_21,NOCA,40.2,AHY,F,springfield,32.41040209422641
001010,gainesville_6,NOCA,42.2,AHY,M,gainesville,0.516683469926487
001000,gainesville_8,NOCA,36.1,AHY,F,gainesville,1.5327277127946661
001000,gainesville_4,NOCA,42.4,AHY,M,gainesville,9.920357329686677
001010,gainesville_3,NOCA,40.8,AHY,M,gainesville,6.318570457455592
001000,gainesville_11,NOCA,40.9,AHY,M,gainesville,28.24082441963813
001000,gainesville_13,NOCA,40.5,AHY,F,gainesville,0.5668963875155796
001000,gainesville_13,NOCA,37.4,AHY,M,gainesville,0.5668963875155796
001100,gainesville_13,NOCA,43.1,AHY,M,gainesville,0.5668963875155796
001000,gainesville_13,NOCA,39.7,AHY,F,gainesville,0.5668963875155796
001001,gainesville_21,NOCA,39.4,AHY,F,gainesville,35.16423809537347
001000,gainesville_14,NOCA,38,AHY,F,gainesville,26.04901186757946
001010,gainesville_14,NOCA,39.1,AHY,M,gainesville,26.04901186757946
001000,gainesville_14,NOCA,99999,AHY,M,gainesville,26.04901186757946
001000,gainesville_14,NOCA,41.4,AHY,M,gainesville,26.04901186757946
001000,gainesville_14,NOCA,36.8,AHY,M,gainesville,26.04901186757946
000100,gainesville_14,NOCA,39.2,AHY,F,gainesville,26.04901186757946
000100,gainesville_14,NOCA,41.3,AHY,M,gainesville,26.04901186757946
000110,gainesville_14,NOCA,40.4,AHY,M,gainesville,26.04901186757946
000100,gainesville_14,NOCA,41.3,AHY,M,gainesville,26.04901186757946
000100,gainesville_10,NOCA,40.4,AHY,F,gainesville,13.840184977285283
000100,gainesville_7,NOCA,42,AHY,M,gainesville,0.7958479053191159
110000,dc_46,GRCA,31.3,AHY,M,dc,41.49568828802371
100000,dc_74,NOCA,45.3,AHY,M,dc,2.8056302530433594
100000,dc_74,NOCA,47.5,AHY,M,dc,2.8056302530433594
100000,dc_35,NOCA,48,AHY,F,dc,0.12519340331059642
100000,dc_57,NOCA,46,AHY,M,dc,0.3089548094382787
110000,dc_57,NOCA,46.5,AHY,F,dc,0.3089548094382787
100000,dc_49,GRCA,31.7,AHY,M,dc,29.612814047718054
100000,dc_49,GRCA,35.3,AHY,F,dc,29.612814047718054
100000,dc_56,NOCA,42.9,AHY,M,dc,25.456090322724965
100000,dc_61,GRCA,37.4,AHY,F,dc,39.82339424633161
100000,dc_61,GRCA,99999,noData,noData,dc,39.82339424633161
100000,dc_55,GRCA,32.6,AHY,M,dc,55.35148643643939
101100,dc_55,GRCA,34.3,AHY,M,dc,55.35148643643939
100000,dc_16,NOCA,36.6,AHY,F,dc,18.044063164447557
100000,dc_16,NOCA,42.5,AHY,M,dc,18.044063164447557
100000,dc_26,GRCA,33.2,AHY,M,dc,15.533239421859758
100000,dc_55,NOCA,41,AHY,M,dc,55.35148643643939
100000,dc_29,GRCA,34.3,AHY,F,dc,10.703115126152511
100100,dc_29,NOCA,42.4,AHY,F,dc,10.703115126152511
100000,dc_14,GRCA,33.8,AHY,F,dc,24.85823122018373
100000,dc_29,GRCA,34.1,AHY,M,dc,10.703115126152511
100000,dc_29,GRCA,33.7,AHY,M,dc,10.703115126152511
100000,dc_54,GRCA,37.2,AHY,M,dc,38.43477014834498
100000,dc_54,GRCA,31.6,AHY,F,dc,38.43477014834498
100000,dc_42,NOCA,41.4,AHY,M,dc,16.28904200839967
100000,dc_42,NOCA,41.9,AHY,M,dc,16.28904200839967
100000,dc_42,GRCA,35.5,AHY,M,dc,16.28904200839967
100000,dc_42,GRCA,32.5,AHY,M,dc,16.28904200839967
100000,dc_42,NOCA,39,AHY,F,dc,16.28904200839967
100000,dc_42,NOCA,40.6,AHY,M,dc,16.28904200839967
100000,dc_32,NOCA,37,AHY,M,dc,20.712875819051465
100000,dc_32,NOCA,41.5,AHY,F,dc,20.712875819051465
100000,dc_43,GRCA,32.5,AHY,F,dc,21.056166005352395
100000,dc_43,GRCA,32.5,AHY,F,dc,21.056166005352395
100000,dc_51,SOSP,20.1,AHY,M,dc,44.9636297852244
101000,dc_13,NOCA,47.3,AHY,M,dc,0.19177506162606625
100000,dc_13,GRCA,33.2,AHY,M,dc,0.19177506162606625
100000,dc_13,GRCA,32.4,AHY,M,dc,0.19177506162606625
100001,dc_36,NOCA,34.1,AHY,F,dc,28.637323252341805
101000,dc_36,NOCA,43.2,AHY,M,dc,28.637323252341805
100100,dc_36,NOCA,43.9,AHY,F,dc,28.637323252341805
100000,dc_22,GRCA,34.5,AHY,M,dc,20.2108946406615
100000,dc_22,GRCA,39.7,AHY,M,dc,20.2108946406615
100000,dc_22,GRCA,34.3,AHY,F,dc,20.2108946406615
100000,dc_22,NOCA,40.9,AHY,M,dc,20.2108946406615
010000,dc_56,NOCA,44.6,AHY,F,dc,25.456090322724965
011000,dc_56,NOCA,42.9,AHY,M,dc,25.456090322724965
010000,dc_32,NOCA,39.2,AHY,F,dc,20.712875819051465
010000,dc_3,NOCA,47.7,AHY,F,dc,16.311037537557116
010001,dc_3,NOCA,43.6,AHY,F,dc,16.311037537557116
010000,dc_52,NOCA,99999,noData,noData,dc,0.7953645150928994
010000,dc_51,GRCA,33.7,AHY,F,dc,44.9636297852244
001000,dc_37,NOCA,41,AHY,M,dc,17.56612451390919
001000,dc_37,NOCA,99999,noData,noData,dc,17.56612451390919
001000,dc_37,NOCA,40.9,ASY,F,dc,17.56612451390919
001000,dc_37,NOCA,40.9,AHY,F,dc,17.56612451390919
001011,dc_25,NOCA,49,AHY,F,dc,19.266683794731215
001011,dc_25,NOCA,43.1,AHY,M,dc,19.266683794731215
001000,dc_16,NOCA,44.1,AHY,M,dc,18.044063164447557
001000,dc_16,NOCA,49.6,AHY,F,dc,18.044063164447557
010000,springfield_14,GRCA,39.22,ASY,F,springfield,4.618744965312717
011111,springfield_14,NOCA,44.36,AHY,M,springfield,4.618744965312717
010000,springfield_14,GRCA,38.8,ASY,M,springfield,4.618744965312717
011111,springfield_1,NOCA,38.43,ASY,M,springfield,20.482756955956077
010000,springfield_2,GRCA,40.49,ASY,M,springfield,1.6942343257013301
011000,springfield_2,GRCA,40.2,ASY,F,springfield,1.6942343257013301
010000,springfield_2,GRCA,36.25,ASY,M,springfield,1.6942343257013301
010000,springfield_4,GRCA,38.38,AHY,M,springfield,26.651611136549455
011110,springfield_4,NOCA,43.43,ASY,M,springfield,26.651611136549455
010000,springfield_4,GRCA,34.77,ASY,M,springfield,26.651611136549455
010000,springfield_9,GRCA,36.25,AHY,M,springfield,11.596208628066424
010000,springfield_7,GRCA,36.6,SY,F,springfield,1.508553522658506
010000,springfield_7,GRCA,35.87,ASY,M,springfield,1.508553522658506
010000,springfield_7,GRCA,33.87,AHY,M,springfield,1.508553522658506
011000,springfield_11,NOCA,44.61,AHY,M,springfield,1.7791473674778417
011011,springfield_27,NOCA,48.16,ASY,M,springfield,0.46347904370375
010000,springfield_26,GRCA,36.72,SY,M,springfield,23.698847345719408
010000,springfield_26,GRCA,30.5,SY,F,springfield,23.698847345719408
100000,dc_37,SOSP,29,AHY,M,dc,17.56612451390919
000100,dc_75,SOSP,22.4,SY,M,dc,15.14826655451711
010000,dc_47,SOSP,20.5,AHY,M,dc,18.647289544248498
010000,dc_47,SOSP,20.5,AHY,M,dc,18.647289544248498
011000,dc_77,SOSP,20.7,AHY,M,dc,11.692978442586444
010000,dc_73,SOSP,20.5,AHY,M,dc,5.545429526874432
010000,dc_73,SOSP,19.9,AHY,F,dc,5.545429526874432
010000,dc_73,SOSP,20.6,AHY,M,dc,5.545429526874432
001100,dc_66,SOSP,20.6,AHY,M,dc,37.79054366283646
001000,dc_78,SOSP,34.4,AHY,M,dc,77.2737930844539
001000,dc_56,SOSP,20.9,AHY,M,dc,25.456090322724965
001011,dc_20,SOSP,21.2,AHY,M,dc,17.09425345697
001100,dc_20,SOSP,20.1,AHY,F,dc,17.09425345697
001000,dc_73,SOSP,20.9,AHY,M,dc,5.545429526874432
001000,dc_73,SOSP,21.2,AHY,M,dc,5.545429526874432
000101,NA,NA,NA,NA,NA,NA,NA
001000,dc_41,SOSP,21.4,AHY,F,dc,9.89276169646652
001000,dc_41,SOSP,19.7,AHY,M,dc,9.89276169646652
001100,dc_6,SOSP,21.4,AHY,F,dc,23.673583607447497
001100,dc_6,SOSP,21,AHY,M,dc,23.673583607447497
100000,springfield_25,SOSP,18.25,AHY,M,springfield,23.693863540184143
100000,springfield_4,SOSP,20.5,AHY,M,springfield,26.651611136549455
110000,springfield_12,SOSP,20.5,AHY,M,springfield,3.376241554526579
100000,springfield_11,SOSP,21.4,AHY,M,springfield,1.7791473674778417
100000,springfield_18,SOSP,19.09,AHY,M,springfield,2.997078901167924
010000,springfield_13,SOSP,21.81,ASY,M,springfield,12.29755125375105
010000,springfield_16,SOSP,20.28,ASY,M,springfield,12.45540834063224
011000,springfield_16,SOSP,22.15,ASY,M,springfield,12.45540834063224
010000,springfield_16,SOSP,20.52,ASY,F,springfield,12.45540834063224
010000,springfield_19,SOSP,22.25,SY,F,springfield,3.22373625711839
010000,springfield_23,SOSP,21.77,SY,M,springfield,17.237152271856925
010000,springfield_18,SOSP,20.66,ASY,M,springfield,2.997078901167924
010010,springfield_17,SOSP,20.51,ASY,M,springfield,20.31617648598635
010000,springfield_12,SOSP,21.03,ASY,M,springfield,3.376241554526579
010000,springfield_12,SOSP,20.74,ASY,F,springfield,3.376241554526579
000100,springfield_23,SOSP,20.35,AHY,M,springfield,17.237152271856925
000100,springfield_19,SOSP,22.31,AHY,M,springfield,3.22373625711839
000110,springfield_16,SOSP,21.96,AHY,M,springfield,12.45540834063224
000100,springfield_16,SOSP,21.88,AHY,F,springfield,12.45540834063224
000100,springfield_2,SOSP,18.15,AHY,F,springfield,1.6942343257013301
000100,springfield_2,SOSP,21.44,AHY,M,springfield,1.6942343257013301
000100,springfield_9,SOSP,20.93,AHY,M,springfield,11.596208628066424
000100,springfield_9,SOSP,21.65,AHY,F,springfield,11.596208628066424
000100,springfield_9,SOSP,20.29,AHY,M,springfield,11.596208628066424
000100,springfield_9,SOSP,22.53,AHY,M,springfield,11.596208628066424
000100,springfield_11,SOSP,21.03,AHY,M,springfield,1.7791473674778417
001000,dc_64,SOSP,21.2,AHY,M,dc,28.867877672960052
001100,dc_48,SOSP,21.2,AHY,M,dc,18.221018591973273
001000,dc_43,SOSP,20.5,AHY,M,dc,21.056166005352395
001000,dc_43,SOSP,20.5,AHY,M,dc,21.056166005352395
001100,dc_40,SOSP,18.4,AHY,F,dc,13.701913068320744
001000,dc_40,SOSP,21.7,AHY,M,dc,13.701913068320744
000111,dc_14,SOSP,19.1,AHY,M,dc,24.85823122018373
000110,dc_21,SOSP,21.2,AHY,M,dc,29.53930696964135
000100,dc_61,SOSP,19.5,AHY,M,dc,39.82339424633161
000100,dc_31,SOSP,22.9,SY,M,dc,22.083489906729575
001000,dc_80,SOSP,20.1,AHY,M,dc,19.14522084138222
001000,dc_10,SOSP,19.3,AHY,M,dc,16.058698572175746
001000,dc_42,SOSP,20,AHY,M,dc,16.28904200839967
000100,dc_77,SOSP,23.5,ASY,M,dc,11.692978442586444
000100,dc_70,SOSP,20.5,ASY,M,dc,16.41750141150856
000100,dc_70,SOSP,19.6,SY,M,dc,16.41750141150856
000100,dc_25,SOSP,20.1,AHY,M,dc,19.266683794731215
000100,dc_25,SOSP,21.3,AHY,M,dc,19.266683794731215
001000,dc_10,SOSP,17.4,AHY,F,dc,16.058698572175746
100000,dc_42,SOSP,22.8,AHY,M,dc,16.28904200839967
110000,dc_43,SOSP,22.6,AHY,M,dc,21.056166005352395
110000,dc_43,SOSP,22.6,AHY,M,dc,21.056166005352395
100000,dc_36,SOSP,18,AHY,M,dc,28.637323252341805
010000,dc_38,SOSP,22.1,SY,M,dc,24.898963187668702
001000,dc_25,SOSP,19.3,AHY,M,dc,19.266683794731215
001000,dc_60,SOSP,21.1,AHY,M,dc,43.465758041087255
001011,dc_21,SOSP,19,AHY,M,dc,29.53930696964135
001000,dc_21,SOSP,20.5,AHY,M,dc,29.53930696964135
001000,dc_21,SOSP,18.4,AHY,F,dc,29.53930696964135
110000,dc_66,SOSP,21.4,SY,F,dc,37.79054366283646
100000,dc_66,SOSP,21.3,SY,M,dc,37.79054366283646
001000,springfield_22,SOSP,20.73,AHY,M,springfield,11.079416317550178
001000,springfield_27,SOSP,22.49,AHY,M,springfield,0.46347904370375
010000,dc_24,NOCA,99999,noData,noData,dc,28.181845082550346
010000,dc_24,NOCA,38.2,AHY,F,dc,28.181845082550346
001100,NA,NA,NA,NA,NA,NA,NA
010000,dc_24,NOCA,46,AHY,M,dc,28.181845082550346
010000,dc_24,GRCA,35.4,AHY,M,dc,28.181845082550346
010000,dc_17,GRCA,33.3,AHY,F,dc,14.19130253346049
010100,dc_8,NOCA,41.3,AHY,M,dc,22.643719765475897
011000,dc_8,NOCA,44.3,AHY,M,dc,22.643719765475897
010000,dc_61,NOCA,42.1,AHY,M,dc,39.82339424633161
010000,dc_61,GRCA,42.5,AHY,F,dc,39.82339424633161
011000,dc_12,NOCA,38.6,AHY,M,dc,8.273977456472352
010000,dc_18,GRCA,33.5,SY,M,dc,15.220496977520728
010000,dc_18,GRCA,34.2,SY,M,dc,15.220496977520728
010000,dc_1,NOCA,40.7,AHY,M,dc,12.05521642271349
010000,dc_1,NOCA,43.6,AHY,F,dc,12.05521642271349
010101,dc_35,NOCA,44.8,AHY,F,dc,0.12519340331059642
010000,dc_35,NOCA,45.1,AHY,M,dc,0.12519340331059642
010000,dc_35,NOCA,43,AHY,M,dc,0.12519340331059642
010000,dc_78,GRCA,34.7,SY,M,dc,77.2737930844539
010000,dc_78,GRCA,37.9,AHY,M,dc,77.2737930844539
010000,dc_9,NOCA,35.7,AHY,F,dc,9.792612132149117
010000,dc_23,GRCA,37.5,AHY,F,dc,13.244242803162631
010000,dc_23,GRCA,33.5,SY,M,dc,13.244242803162631
010000,dc_23,GRCA,34.3,AHY,M,dc,13.244242803162631
010000,dc_23,NOCA,42,AHY,M,dc,13.244242803162631
010000,dc_5,GRCA,75.5,AHY,F,dc,13.562992643500497
010000,dc_5,GRCA,36.1,AHY,M,dc,13.562992643500497
011000,dc_72,GRCA,35,AHY,F,dc,22.796729710500248
011110,dc_72,NOCA,41.9,AHY,M,dc,22.796729710500248
010000,dc_72,GRCA,36,SY,M,dc,22.796729710500248
010000,dc_45,GRCA,36.6,AHY,F,dc,2.260624426997607
010000,dc_45,GRCA,35.4,AHY,F,dc,2.260624426997607
010000,dc_68,GRCA,32.8,AHY,M,dc,13.688583243263727
010000,dc_68,NOCA,43.3,AHY,M,dc,13.688583243263727
010000,dc_68,GRCA,33.2,SY,F,dc,13.688583243263727
010000,dc_49,GRCA,33,SY,M,dc,29.612814047718054
011010,dc_22,GRCA,35,SY,M,dc,20.2108946406615
010000,dc_59,NOCA,43,AHY,F,dc,2.515134644119607
010010,dc_13,NOCA,46.9,AHY,M,dc,0.19177506162606625
010100,dc_76,NOCA,42.2,AHY,F,dc,29.541603275658495
010000,dc_76,GRCA,36.7,AHY,M,dc,29.541603275658495
001111,dc_39,NOCA,48.1,AHY,F,dc,18.18446116268389
001000,dc_11,GRCA,43.5,AHY,F,dc,16.674791769623933
001001,dc_75,NOCA,45.36,AHY,F,dc,15.14826655451711
001000,dc_75,GRCA,41.37,AHY,F,dc,15.14826655451711
001000,dc_75,NOCA,44.4,AHY,F,dc,15.14826655451711
001000,dc_26,GRCA,65.5,AHY,M,dc,15.533239421859758
001110,dc_74,NOCA,40.6,AHY,F,dc,2.8056302530433594
001000,dc_74,NOCA,44.1,AHY,M,dc,2.8056302530433594
001011,dc_74,NOCA,45.2,AHY,M,dc,2.8056302530433594
001000,dc_80,GRCA,35.7,AHY,M,dc,19.14522084138222
001000,dc_80,GRCA,35.8,AHY,M,dc,19.14522084138222
001000,dc_80,GRCA,36.8,AHY,F,dc,19.14522084138222
001000,dc_67,GRCA,36.8,AHY,M,dc,11.354127394227039
001000,dc_67,NOCA,41.4,AHY,F,dc,11.354127394227039
001100,dc_7,NOCA,43.8,AHY,F,dc,7.3853653808695405
001100,dc_7,NOCA,45.6,AHY,F,dc,7.3853653808695405
001100,dc_7,NOCA,46.8,AHY,M,dc,7.3853653808695405
001000,dc_10,GRCA,41,AHY,F,dc,16.058698572175746
001010,dc_10,NOCA,40.4,AHY,M,dc,16.058698572175746
001000,dc_42,GRCA,35.4,AHY,M,dc,16.28904200839967
001000,dc_42,GRCA,38.9,AHY,F,dc,16.28904200839967
001111,dc_14,GRCA,32.7,AHY,M,dc,24.85823122018373
001010,dc_14,NOCA,44.9,U,M,dc,24.85823122018373
001000,dc_45,GRCA,36.3,AHY,F,dc,2.260624426997607
001000,dc_45,GRCA,39.2,AHY,F,dc,2.260624426997607
001000,dc_45,GRCA,29.4,AHY,M,dc,2.260624426997607
001000,dc_45,GRCA,32.7,AHY,M,dc,2.260624426997607
001000,dc_45,GRCA,37,AHY,M,dc,2.260624426997607
001000,dc_45,GRCA,33.5,AHY,M,dc,2.260624426997607
001000,dc_45,GRCA,37.7,AHY,M,dc,2.260624426997607
001000,dc_45,GRCA,32.7,AHY,M,dc,2.260624426997607
001000,dc_22,GRCA,31,AHY,M,dc,20.2108946406615
001000,dc_22,GRCA,41.9,AHY,M,dc,20.2108946406615
001000,dc_22,GRCA,38.9,AHY,F,dc,20.2108946406615
001000,dc_22,GRCA,34.4,AHY,M,dc,20.2108946406615
001010,dc_22,GRCA,37.3,AHY,F,dc,20.2108946406615
001000,dc_44,GRCA,36.2,AHY,M,dc,2.750633203057335
001000,dc_44,GRCA,33.5,AHY,M,dc,2.750633203057335
001000,dc_29,NOCA,41.2,AHY,F,dc,10.703115126152511
001000,dc_29,GRCA,33.4,AHY,F,dc,10.703115126152511
001000,dc_38,GRCA,36,AHY,F,dc,24.898963187668702
001000,dc_38,GRCA,35.8,AHY,M,dc,24.898963187668702
001000,dc_38,GRCA,34.7,AHY,F,dc,24.898963187668702
001000,dc_38,GRCA,34.1,AHY,F,dc,24.898963187668702
001000,dc_38,GRCA,37.7,AHY,F,dc,24.898963187668702
001000,dc_17,NOCA,99999,AHY,M,dc,14.19130253346049
001000,dc_1,GRCA,36.4,SY,F,dc,12.05521642271349
001101,dc_70,GRCA,37.2,AHY,M,dc,16.41750141150856
001100,dc_27,NOCA,45.5,AHY,F,dc,0.21444993141507726
001000,dc_27,NOCA,44,AHY,M,dc,0.21444993141507726
001001,dc_34,NOCA,45.2,AHY,M,dc,2.0355017189269504
001000,dc_36,GRCA,34.2,AHY,F,dc,28.637323252341805
011111,dc_75,NOCA,40.6,AHY,M,dc,15.14826655451711
010000,dc_75,GRCA,36,AHY,M,dc,15.14826655451711
010000,dc_67,GRCA,32.3,AHY,M,dc,11.354127394227039
010000,dc_67,NOCA,38.3,AHY,M,dc,11.354127394227039
010000,dc_29,NOCA,36.5,AHY,M,dc,10.703115126152511
010100,dc_29,NOCA,36.2,AHY,F,dc,10.703115126152511
010000,dc_29,NOCA,42.5,AHY,M,dc,10.703115126152511
010000,dc_41,NOCA,39.9,AHY,F,dc,9.89276169646652
011000,dc_41,GRCA,35.8,AHY,M,dc,9.89276169646652
010000,dc_42,NOCA,42.4,AHY,F,dc,16.28904200839967
010000,dc_42,NOCA,38,AHY,M,dc,16.28904200839967
010100,dc_21,GRCA,36.7,AHY,M,dc,29.53930696964135
010000,dc_21,NOCA,41.2,AHY,F,dc,29.53930696964135
010000,dc_37,NOCA,42.4,AHY,M,dc,17.56612451390919
010000,dc_37,NOCA,36.8,AHY,M,dc,17.56612451390919
011000,dc_6,NOCA,44.6,AHY,M,dc,23.673583607447497
011000,dc_6,GRCA,34.4,AHY,M,dc,23.673583607447497
011100,dc_6,NOCA,39.5,AHY,F,dc,23.673583607447497
010000,dc_6,GRCA,35.3,AHY,M,dc,23.673583607447497
010000,dc_6,GRCA,34.6,AHY,M,dc,23.673583607447497
010000,dc_37,GRCA,32,AHY,M,dc,17.56612451390919
010101,dc_37,NOCA,39.8,AHY,F,dc,17.56612451390919
010000,dc_37,NOCA,99999,AHY,F,dc,17.56612451390919
010000,dc_65,NOCA,44.8,AHY,F,dc,3.862943220612453
010000,dc_19,NOCA,41.1,AHY,F,dc,30.68958086742275
011000,dc_19,GRCA,32.9,AHY,M,dc,30.68958086742275
010000,dc_25,GRCA,37.1,AHY,F,dc,19.266683794731215
001100,dc_3,NOCA,46.6,AHY,M,dc,16.311037537557116
001000,dc_3,NOCA,39.5,AHY,M,dc,16.311037537557116
001010,dc_3,NOCA,43.5,SY,M,dc,16.311037537557116
001000,dc_3,NOCA,45,SY,M,dc,16.311037537557116
001000,dc_3,NOCA,40.8,SY,M,dc,16.311037537557116
001000,dc_72,NOCA,41.3,AHY,M,dc,22.796729710500248
001010,dc_72,NOCA,40.3,AHY,M,dc,22.796729710500248
001000,dc_30,GRCA,37.2,AHY,M,dc,29.831061700379717
001100,dc_30,NOCA,43.9,SY,F,dc,29.831061700379717
001000,dc_19,GRCA,37.1,AHY,F,dc,30.68958086742275
001000,dc_35,NOCA,40.7,AHY,F,dc,0.12519340331059642
001001,dc_35,NOCA,43.5,AHY,M,dc,0.12519340331059642
000100,gainesville_9,NOCA,40.1,AHY,M,gainesville,9.388789752799259
000100,gainesville_14,NOCA,99999,AHY,F,gainesville,26.04901186757946
001000,springfield_23,GRCA,34.52,SY,M,springfield,17.237152271856925
001000,springfield_23,GRCA,35.06,AHY,M,springfield,17.237152271856925
001000,springfield_23,NOCA,49.34,AHY,F,springfield,17.237152271856925
001000,springfield_4,GRCA,34.52,ASY,M,springfield,26.651611136549455
001000,springfield_11,GRCA,37.44,SY,M,springfield,1.7791473674778417
001111,springfield_8,GRCA,36.15,SY,M,springfield,3.5115616366750673
001000,springfield_8,GRCA,39.04,SY,M,springfield,3.5115616366750673
001110,springfield_8,GRCA,35.19,ASY,F,springfield,3.5115616366750673
001000,springfield_17,GRCA,36.81,SY,M,springfield,20.31617648598635
001000,springfield_9,NOCA,43.19,AHY,F,springfield,11.596208628066424
001000,springfield_16,GRCA,41.79,SY,F,springfield,12.45540834063224
001000,springfield_16,NOCA,47.69,AHY,F,springfield,12.45540834063224
001000,springfield_14,GRCA,99999,SY,M,springfield,4.618744965312717
001100,springfield_14,GRCA,39.97,SY,M,springfield,4.618744965312717
001000,dc_5,NOCA,39.6,AHY,F,dc,13.562992643500497
001010,dc_5,NOCA,42.4,AHY,M,dc,13.562992643500497
000100,gainesville_5,NOCA,43.8,AHY,F,gainesville,3.5086539012291587
000100,gainesville_14,NOCA,39.8,AHY,F,gainesville,26.04901186757946
000100,gainesville_14,NOCA,40.9,AHY,F,gainesville,26.04901186757946
000110,gainesville_13,NOCA,33.9,AHY,M,gainesville,0.5668963875155796
000110,gainesville_13,NOCA,42.9,AHY,M,gainesville,0.5668963875155796
000100,gainesville_13,NOCA,44.2,AHY,F,gainesville,0.5668963875155796
000100,gainesville_6,NOCA,38.4,AHY,F,gainesville,0.516683469926487
000100,gainesville_12,NOCA,36.7,AHY,M,gainesville,0.5331411761100309
000100,gainesville_12,NOCA,40.3,AHY,F,gainesville,0.5331411761100309
000100,gainesville_12,NOCA,36.2,AHY,F,gainesville,0.5331411761100309
000110,gainesville_18,NOCA,36.6,AHY,F,gainesville,0.2699185830844576
000100,gainesville_18,NOCA,38.8,AHY,F,gainesville,0.2699185830844576
000111,gainesville_18,NOCA,41.7,AHY,F,gainesville,0.2699185830844576
001111,gainesville_18,NOCA,40.1,AHY,F,gainesville,0.2699185830844576
001000,gainesville_14,NOCA,39,AHY,F,gainesville,26.04901186757946
001000,gainesville_14,NOCA,37.4,AHY,F,gainesville,26.04901186757946
001000,gainesville_14,NOCA,36.7,AHY,F,gainesville,26.04901186757946
001000,gainesville_14,NOCA,39.3,AHY,M,gainesville,26.04901186757946
001010,gainesville_14,NOCA,39.3,AHY,M,gainesville,26.04901186757946
000100,NA,NA,NA,NA,NA,NA,NA
001000,gainesville_14,NOCA,40.4,AHY,F,gainesville,26.04901186757946
001000,gainesville_14,NOCA,34.5,AHY,M,gainesville,26.04901186757946
001000,gainesville_14,NOCA,36.9,AHY,F,gainesville,26.04901186757946
001000,gainesville_14,NOCA,44.1,AHY,M,gainesville,26.04901186757946
001000,gainesville_14,NOCA,37.1,AHY,F,gainesville,26.04901186757946
001000,gainesville_14,NOCA,37.1,AHY,F,gainesville,26.04901186757946
001000,gainesville_17,NOCA,38,AHY,F,gainesville,25.425288630790856
001000,gainesville_17,NOCA,40.7,AHY,M,gainesville,25.425288630790856
001000,gainesville_15,NOCA,38.6,AHY,M,gainesville,11.11075430914925
000111,NA,NA,NA,NA,NA,NA,NA
001010,gainesville_15,NOCA,38.8,AHY,F,gainesville,11.11075430914925
001000,gainesville_16,NOCA,42.6,AHY,M,gainesville,5.430918660450353
001000,gainesville_12,NOCA,43.4,AHY,M,gainesville,0.5331411761100309
000110,gainesville_18,NOCA,41.5,AHY,F,gainesville,0.2699185830844576
000111,gainesville_18,NOCA,39.5,AHY,M,gainesville,0.2699185830844576
000110,gainesville_18,NOCA,43,AHY,F,gainesville,0.2699185830844576
000110,gainesville_18,NOCA,38,AHY,M,gainesville,0.2699185830844576
000100,gainesville_18,NOCA,32,AHY,M,gainesville,0.2699185830844576
000111,gainesville_18,NOCA,38.5,AHY,M,gainesville,0.2699185830844576
000101,gainesville_18,NOCA,40.5,AHY,M,gainesville,0.2699185830844576
000110,gainesville_18,NOCA,37,AHY,F,gainesville,0.2699185830844576
000110,gainesville_18,NOCA,39,AHY,M,gainesville,0.2699185830844576
000110,gainesville_18,NOCA,39,AHY,M,gainesville,0.2699185830844576
000100,gainesville_18,NOCA,41.5,AHY,M,gainesville,0.2699185830844576
000100,gainesville_15,NOCA,68,AHY,F,gainesville,11.11075430914925
000100,gainesville_17,NOCA,40.7,AHY,M,gainesville,25.425288630790856
000100,gainesville_17,NOCA,34.8,AHY,F,gainesville,25.425288630790856
000100,gainesville_17,NOCA,36.5,AHY,F,gainesville,25.425288630790856
000100,gainesville_17,NOCA,30,AHY,F,gainesville,25.425288630790856
000100,gainesville_9,NOCA,43,AHY,F,gainesville,9.388789752799259
000100,dc_51,GRCA,29.4,AHY,M,dc,44.9636297852244
000100,dc_35,NOCA,50.1,AHY,M,dc,0.12519340331059642
000110,dc_21,GRCA,36.1,AHY,M,dc,29.53930696964135
000100,dc_37,NOCA,43,AHY,M,dc,17.56612451390919
000100,dc_37,NOCA,41.4,SY,M,dc,17.56612451390919
000111,dc_31,NOCA,44.7,AHY,M,dc,22.083489906729575
000110,dc_31,NOCA,41.7,SY,F,dc,22.083489906729575
000100,dc_77,NOCA,41,AHY,M,dc,11.692978442586444
000100,springfield_6,GRCA,35.25,SY,M,springfield,5.520910554198763
000100,springfield_14,GRCA,42.16,AHY,M,springfield,4.618744965312717
000100,springfield_21,NOCA,47.44,AHY,M,springfield,32.41040209422641
000100,springfield_21,GRCA,38.28,AHY,M,springfield,32.41040209422641
000110,springfield_7,NOCA,48.75,AHY,M,springfield,1.508553522658506
000100,springfield_7,GRCA,38.22,AHY,F,springfield,1.508553522658506
001000,springfield_6,NOCA,45.67,AHY,M,springfield,5.520910554198763
001000,springfield_6,GRCA,40.78,ASY,F,springfield,5.520910554198763
001000,springfield_6,GRCA,37.62,ASY,M,springfield,5.520910554198763
001000,springfield_6,GRCA,36.61,ASY,M,springfield,5.520910554198763
001111,springfield_19,GRCA,36.25,ASY,M,springfield,3.22373625711839
001101,springfield_19,GRCA,45.01,ASY,F,springfield,3.22373625711839
001000,springfield_21,NOCA,33.56,AHY,F,springfield,32.41040209422641
001000,springfield_21,GRCA,36.76,ASY,M,springfield,32.41040209422641
001000,springfield_21,GRCA,99999,AHY,M,springfield,32.41040209422641
001000,springfield_12,GRCA,35.03,ASY,F,springfield,3.376241554526579
001000,springfield_12,GRCA,37.96,ASY,M,springfield,3.376241554526579
001000,springfield_12,GRCA,33.19,ASY,M,springfield,3.376241554526579
001000,springfield_12,GRCA,29.9,ASY,M,springfield,3.376241554526579
001000,springfield_1,GRCA,36.55,ASY,M,springfield,20.482756955956077
001000,springfield_1,NOCA,42.92,AHY,F,springfield,20.482756955956077
001000,springfield_1,GRCA,37.37,ASY,F,springfield,20.482756955956077
001000,springfield_2,GRCA,37.4,ASY,M,springfield,1.6942343257013301
001111,springfield_2,NOCA,45.18,AHY,M,springfield,1.6942343257013301
001100,springfield_2,GRCA,35.14,ASY,M,springfield,1.6942343257013301
001000,springfield_26,GRCA,26.32,ASY,M,springfield,23.698847345719408
001000,springfield_26,GRCA,38.84,ASY,F,springfield,23.698847345719408
001000,springfield_24,GRCA,36.94,ASY,M,springfield,1.8485340584782854
001010,springfield_13,GRCA,37.08,ASY,M,springfield,12.29755125375105
001000,springfield_13,NOCA,40.03,AHY,F,springfield,12.29755125375105
001000,springfield_13,NOCA,43.34,AHY,M,springfield,12.29755125375105
001000,springfield_10,GRCA,36.09,ASY,M,springfield,14.500665574795955
001000,springfield_18,GRCA,35.42,SY,M,springfield,2.997078901167924
001010,springfield_22,GRCA,34.4,SY,F,springfield,11.079416317550178
001000,springfield_22,GRCA,35.9,ASY,M,springfield,11.079416317550178
000100,springfield_23,NOCA,47.19,AHY,M,springfield,17.237152271856925
000110,springfield_25,NOCA,43.9,AHY,M,springfield,23.693863540184143
000110,springfield_19,NOCA,48.27,AHY,F,springfield,3.22373625711839
000110,springfield_16,GRCA,39.42,ASY,M,springfield,12.45540834063224
000110,springfield_10,GRCA,41.86,ASY,F,springfield,14.500665574795955
000100,springfield_2,GRCA,37.64,AHY,M,springfield,1.6942343257013301
000100,springfield_2,GRCA,46.33,SY,F,springfield,1.6942343257013301
000110,springfield_2,GRCA,37.3,AHY,M,springfield,1.6942343257013301
000100,springfield_13,GRCA,35.69,AHY,M,springfield,12.29755125375105
000100,springfield_13,GRCA,34.83,AHY,M,springfield,12.29755125375105
000110,springfield_13,NOCA,44.81,AHY,M,springfield,12.29755125375105
000100,springfield_5,GRCA,39.12,AHY,F,springfield,32.15828967832283
000100,springfield_5,GRCA,37.88,SY,F,springfield,32.15828967832283
000100,springfield_5,GRCA,39.07,AHY,M,springfield,32.15828967832283
000100,springfield_5,GRCA,36.19,AHY,M,springfield,32.15828967832283
000101,springfield_5,NOCA,42.13,AHY,M,springfield,32.15828967832283
000101,springfield_8,GRCA,35.7,AHY,M,springfield,3.5115616366750673
000110,springfield_8,NOCA,41.06,AHY,M,springfield,3.5115616366750673
000111,springfield_8,GRCA,34.36,AHY,F,springfield,3.5115616366750673
000100,springfield_20,GRCA,35.85,AHY,M,springfield,38.091048982987466
000100,springfield_26,GRCA,36.85,SY,F,springfield,23.698847345719408
000100,springfield_26,NOCA,43.23,AHY,M,springfield,23.698847345719408
000101,springfield_11,GRCA,39.31,SY,F,springfield,1.7791473674778417
000100,springfield_22,GRCA,35.74,SY,M,springfield,11.079416317550178
000100,springfield_22,GRCA,37.17,AHY,M,springfield,11.079416317550178
000100,springfield_22,GRCA,46.75,AHY,F,springfield,11.079416317550178
000100,springfield_12,GRCA,39.6,AHY,M,springfield,3.376241554526579
000100,springfield_12,GRCA,35.33,AHY,M,springfield,3.376241554526579
000100,springfield_12,NOCA,44.91,AHY,M,springfield,3.376241554526579
000100,springfield_12,GRCA,38.81,AHY,F,springfield,3.376241554526579
000100,springfield_12,NOCA,52.93,AHY,F,springfield,3.376241554526579
000100,springfield_24,NOCA,45.05,AHY,F,springfield,1.8485340584782854
000110,dc_77,GRCA,37.5,ASY,M,dc,11.692978442586444
000110,dc_77,NOCA,47,AHY,M,dc,11.692978442586444
000100,dc_46,GRCA,36.1,ASY,M,dc,41.49568828802371
000100,dc_46,GRCA,36.4,ASY,M,dc,41.49568828802371
000100,dc_4,NOCA,44.1,ASY,M,dc,14.930376455106416
000100,dc_4,NOCA,46.3,ASY,F,dc,14.930376455106416
000101,dc_4,NOCA,45,ASY,M,dc,14.930376455106416
000100,dc_38,GRCA,41.4,ASY,F,dc,24.898963187668702
000100,dc_52,NOCA,45.2,ASY,F,dc,0.7953645150928994
000101,dc_70,NOCA,40.4,AHY,M,dc,16.41750141150856
000100,dc_70,GRCA,33.8,AHY,M,dc,16.41750141150856
000100,dc_70,GRCA,35.9,AHY,M,dc,16.41750141150856
000100,dc_70,GRCA,42.4,SY,F,dc,16.41750141150856
000100,dc_70,NOCA,44.9,AHY,F,dc,16.41750141150856
000100,dc_25,GRCA,39,AHY,F,dc,19.266683794731215
000100,dc_77,GRCA,36.8,SY,F,dc,11.692978442586444
000100,dc_20,GRCA,40.5,SY,F,dc,17.09425345697
000101,dc_20,NOCA,43.3,AHY,M,dc,17.09425345697
000100,dc_20,GRCA,33.7,ASY,M,dc,17.09425345697
000110,dc_43,NOCA,44.4,AHY,M,dc,21.056166005352395
000110,dc_43,NOCA,44.4,AHY,M,dc,21.056166005352395
000100,dc_48,GRCA,33.1,ASY,M,dc,18.221018591973273
000100,dc_48,GRCA,33.9,ASY,M,dc,18.221018591973273
000100,dc_60,GRCA,35.5,ASY,M,dc,43.465758041087255
000100,dc_42,NOCA,43.4,ASY,F,dc,16.28904200839967
000100,dc_42,GRCA,33.9,SY,M,dc,16.28904200839967
000110,dc_42,GRCA,37.7,AHY,M,dc,16.28904200839967
000100,dc_42,GRCA,32.6,SY,M,dc,16.28904200839967
000110,dc_42,NOCA,37.7,ASY,M,dc,16.28904200839967
000100,dc_64,GRCA,32.7,ASY,M,dc,28.867877672960052
000100,dc_64,GRCA,30.4,ASY,M,dc,28.867877672960052
000100,dc_14,NOCA,43.2,AHY,F,dc,24.85823122018373
000100,dc_14,NOCA,69.8,AHY,M,dc,24.85823122018373
000101,dc_53,NOCA,36.2,AHY,F,dc,38.7559175247704
000110,dc_6,GRCA,38.1,AHY,F,dc,23.673583607447497
000100,dc_6,GRCA,47.4,AHY,F,dc,23.673583607447497
000100,gainesville_1,NOCA,41.5,AHY,M,gainesville,8.63406517290897
000100,dc_49,GRCA,38.8,SY,M,dc,29.612814047718054
000100,dc_3,NOCA,43.3,AHY,F,dc,16.311037537557116
000100,dc_3,NOCA,41,AHY,F,dc,16.311037537557116
000100,dc_3,NOCA,41.6,SY,M,dc,16.311037537557116
000100,dc_3,NOCA,46.5,AHY,F,dc,16.311037537557116
000100,dc_3,NOCA,49.5,AHY,M,dc,16.311037537557116
000100,dc_3,NOCA,40.7,AHY,F,dc,16.311037537557116
000100,dc_3,NOCA,44.5,ASY,M,dc,16.311037537557116
000110,dc_22,GRCA,38.2,ASY,M,dc,20.2108946406615
000100,dc_22,GRCA,29.4,SY,M,dc,20.2108946406615
000100,dc_22,GRCA,32.5,SY,M,dc,20.2108946406615
000100,dc_22,GRCA,36.8,AHY,M,dc,20.2108946406615
000100,dc_22,GRCA,32.7,AHY,M,dc,20.2108946406615
000100,dc_22,GRCA,36.4,AHY,M,dc,20.2108946406615
000100,dc_27,NOCA,54.8,AHY,M,dc,0.21444993141507726
000100,dc_27,GRCA,36.6,AHY,M,dc,0.21444993141507726
000100,dc_76,GRCA,32.4,SY,M,dc,29.541603275658495
000110,dc_28,NOCA,44.3,AHY,M,dc,21.452174430924135
000110,dc_28,GRCA,33.3,AHY,M,dc,21.452174430924135
000100,dc_28,GRCA,34.3,AHY,F,dc,21.452174430924135
000100,dc_19,GRCA,35.9,ASY,M,dc,30.68958086742275
000100,dc_30,GRCA,33.1,ASY,F,dc,29.831061700379717
000100,dc_30,GRCA,36.3,SY,F,dc,29.831061700379717
000100,dc_30,GRCA,34.7,SY,M,dc,29.831061700379717
000110,dc_11,GRCA,40.1,SY,F,dc,16.674791769623933
000110,dc_11,GRCA,35.9,SY,M,dc,16.674791769623933
000110,dc_11,GRCA,37,ASY,F,dc,16.674791769623933
000100,dc_26,NOCA,41.9,AHY,F,dc,15.533239421859758
000100,dc_26,NOCA,40.6,AHY,F,dc,15.533239421859758
000100,dc_29,GRCA,34.3,SY,M,dc,10.703115126152511
000100,dc_29,NOCA,43.7,AHY,M,dc,10.703115126152511
000100,dc_29,GRCA,37.9,ASY,M,dc,10.703115126152511
000100,dc_29,GRCA,36.9,SY,M,dc,10.703115126152511
000101,dc_29,GRCA,34.9,SY,M,dc,10.703115126152511
000100,dc_29,GRCA,34.6,SY,F,dc,10.703115126152511
000100,dc_29,NOCA,99999,SY,F,dc,10.703115126152511
000100,dc_63,GRCA,30.6,SY,M,dc,29.509377449307483
000111,dc_47,GRCA,31.8,ASY,M,dc,18.647289544248498
000100,dc_47,GRCA,34.3,ASY,F,dc,18.647289544248498
000110,dc_47,GRCA,32.6,ASY,M,dc,18.647289544248498
000100,dc_67,NOCA,44.5,AHY,M,dc,11.354127394227039
000100,dc_78,NOCA,41.6,SY,F,dc,77.2737930844539
000100,dc_78,GRCA,35.3,SY,M,dc,77.2737930844539
000100,dc_40,GRCA,36.5,ASY,M,dc,13.701913068320744
000100,dc_69,GRCA,36,SY,F,dc,5.086523650446573
000100,dc_69,GRCA,37.2,ASY,M,dc,5.086523650446573
010000,dc_17,SOSP,20.8,AHY,M,dc,14.19130253346049
010000,dc_74,SOSP,22,AHY,M,dc,2.8056302530433594
010000,dc_69,SOSP,21,AHY,M,dc,5.086523650446573
010000,dc_66,SOSP,21.9,AHY,M,dc,37.79054366283646
010000,dc_66,SOSP,20.9,ASY,F,dc,37.79054366283646
010000,dc_7,SOSP,21.7,AHY,M,dc,7.3853653808695405
001100,dc_69,SOSP,21.9,ASY,M,dc,5.086523650446573
001000,dc_69,SOSP,20.7,AHY,M,dc,5.086523650446573
000100,dc_8,SOSP,20.2,AHY,F,dc,22.643719765475897
000100,dc_8,SOSP,22.6,AHY,M,dc,22.643719765475897
000100,dc_73,SOSP,21.1,ASY,M,dc,5.545429526874432
000101,dc_24,SOSP,20.4,AHY,F,dc,28.181845082550346
000110,dc_46,SOSP,21.4,AHY,M,dc,41.49568828802371
000100,dc_16,SOSP,18.9,AHY,M,dc,18.044063164447557
000100,dc_16,SOSP,19.4,AHY,F,dc,18.044063164447557
000100,dc_36,SOSP,17.6,AHY,F,dc,28.637323252341805
000100,dc_79,SOSP,17.8,ASY,F,dc,20.66164337410749
000101,dc_79,SOSP,23,ASY,M,dc,20.66164337410749
000100,dc_55,SOSP,21.9,AHY,F,dc,55.35148643643939
000100,dc_7,SOSP,20.5,AHY,M,dc,7.3853653808695405
000100,dc_75,SOSP,22.2,AHY,F,dc,15.14826655451711
001000,springfield_23,SOSP,20.13,AHY,M,springfield,17.237152271856925
001000,springfield_23,SOSP,23.84,AHY,F,springfield,17.237152271856925
001000,springfield_11,SOSP,21.3,AHY,M,springfield,1.7791473674778417
001000,springfield_17,SOSP,21.15,AHY,M,springfield,20.31617648598635
001010,springfield_9,SOSP,20,AHY,M,springfield,11.596208628066424
001000,springfield_9,SOSP,20.28,AHY,F,springfield,11.596208628066424
001100,springfield_9,SOSP,21.58,AHY,M,springfield,11.596208628066424
001000,springfield_9,SOSP,19.88,AHY,M,springfield,11.596208628066424
001000,springfield_9,SOSP,20.9,AHY,M,springfield,11.596208628066424
001000,springfield_9,SOSP,19.26,AHY,F,springfield,11.596208628066424
001000,springfield_7,SOSP,20.02,AHY,M,springfield,1.508553522658506
000100,dc_49,SOSP,21.3,ASY,M,dc,29.612814047718054
000111,dc_76,SOSP,21.3,SY,M,dc,29.541603275658495
000100,dc_19,SOSP,18.9,AHY,F,dc,30.68958086742275
000111,dc_19,SOSP,19.5,AHY,M,dc,30.68958086742275
000111,dc_29,SOSP,21.1,AHY,M,dc,10.703115126152511
000110,dc_29,SOSP,22.2,AHY,M,dc,10.703115126152511
000110,dc_47,SOSP,99999,AHY,M,dc,18.647289544248498
000110,dc_47,SOSP,18.3,AHY,M,dc,18.647289544248498
000100,dc_47,SOSP,19.2,SY,M,dc,18.647289544248498
000110,dc_47,SOSP,19.8,AHY,F,dc,18.647289544248498
000100,dc_17,SOSP,22.3,AHY,M,dc,14.19130253346049
000111,dc_40,SOSP,19.3,AHY,M,dc,13.701913068320744
000100,dc_60,SOSP,21.4,AHY,M,dc,43.465758041087255
000100,dc_42,SOSP,19.6,AHY,F,dc,16.28904200839967
000100,dc_42,SOSP,22.9,AHY,M,dc,16.28904200839967
100000,NA,NA,NA,NA,NA,NA,NA
100000,dc_61,NOCA,39.6,AHY,F,dc,39.82339424633161
100000,dc_38,GRCA,38.8,AHY,M,dc,24.898963187668702
100000,dc_69,GRCA,37.7,AHY,M,dc,5.086523650446573
100000,dc_69,GRCA,43.3,AHY,F,dc,5.086523650446573
100000,dc_6,GRCA,36.9,AHY,M,dc,23.673583607447497
100000,dc_6,GRCA,41.2,AHY,M,dc,23.673583607447497
100000,dc_6,GRCA,37.5,AHY,M,dc,23.673583607447497
100000,dc_77,GRCA,33.2,AHY,M,dc,11.692978442586444
110100,dc_77,NOCA,44.6,AHY,F,dc,11.692978442586444
110000,dc_77,GRCA,35,AHY,M,dc,11.692978442586444
100010,dc_80,NOCA,38.4,AHY,F,dc,19.14522084138222
100000,dc_80,GRCA,36,AHY,F,dc,19.14522084138222
100100,dc_20,GRCA,41.1,AHY,F,dc,17.09425345697
100000,dc_8,GRCA,36.2,AHY,M,dc,22.643719765475897
100000,dc_39,GRCA,34.5,AHY,M,dc,18.18446116268389
100000,dc_37,GRCA,36,AHY,M,dc,17.56612451390919
100000,dc_17,NOCA,40,AHY,M,dc,14.19130253346049
110100,dc_17,GRCA,34.8,AHY,M,dc,14.19130253346049
100000,dc_17,GRCA,39.3,U,F,dc,14.19130253346049
100000,dc_17,GRCA,38.3,AHY,M,dc,14.19130253346049
100000,dc_19,GRCA,34.8,AHY,M,dc,30.68958086742275
100000,dc_19,GRCA,36.6,AHY,F,dc,30.68958086742275
100000,dc_33,GRCA,36.7,AHY,F,dc,44.7036731204875
100000,dc_33,GRCA,35.1,AHY,M,dc,44.7036731204875
100000,dc_33,GRCA,36.3,AHY,F,dc,44.7036731204875
100000,dc_33,GRCA,31.7,AHY,M,dc,44.7036731204875
100000,dc_40,NOCA,39.5,AHY,M,dc,13.701913068320744
100000,dc_14,NOCA,39.4,AHY,F,dc,24.85823122018373
100000,dc_14,GRCA,36.5,AHY,M,dc,24.85823122018373
100000,dc_14,GRCA,34.1,AHY,F,dc,24.85823122018373
100000,dc_68,GRCA,34.1,AHY,M,dc,13.688583243263727
100000,dc_68,GRCA,39.1,AHY,F,dc,13.688583243263727
100000,dc_68,GRCA,37,AHY,M,dc,13.688583243263727
100000,dc_68,NOCA,47.2,AHY,F,dc,13.688583243263727
100000,gainesville_1,NOCA,39.1,AHY,M,gainesville,8.63406517290897
001000,gainesville_19,NOCA,99999,AHY,M,gainesville,11.406779520145138
